,HHV,HT1,VGC,PHR,VIC,GVR,BMP,SZC,DIG,HAH,NT2,PGV
2022-07-01,8.139,13.63,43.203,28.658,36.3,21.124,37.511,27.318,24.405,30.143,20.443,19.389
2022-07-04,8.385,14.035,43.366,27.42,36.35,20.937,37.446,27.197,24.471,29.001,20.159,19.389
2022-07-05,8.104,13.585,40.426,27.243,36.15,20.189,37.118,25.326,23.335,26.972,18.783,19.089
2022-07-06,7.788,13.45,37.609,27.155,33.75,19.488,37.38,25.175,23.335,25.112,18.135,19.014
2022-07-07,7.999,13.45,37.731,27.287,34.9,19.395,37.315,24.752,24.037,25.365,18.621,18.865
2022-07-08,8.42,13.855,38.14,28.172,35.0,19.815,37.315,26.413,25.708,25.661,18.742,19.239
2022-07-11,8.49,13.99,38.915,27.774,35.0,19.582,36.003,27.167,26.812,25.239,17.973,19.613
2022-07-12,8.981,14.35,41.243,29.322,34.95,20.937,36.396,29.069,28.684,26.972,18.742,20.287
2022-07-13,9.578,14.575,41.325,28.968,34.75,21.077,36.396,29.039,27.815,26.972,18.621,20.511
2022-07-14,9.648,14.395,41.406,28.304,34.75,21.685,36.724,29.733,28.349,26.676,19.512,20.825
2022-07-15,9.437,14.395,41.243,28.304,34.8,21.638,36.724,29.703,28.049,26.211,19.309,20.353
2022-07-18,10.069,14.575,41.325,28.127,34.0,21.685,36.724,30.005,26.511,26.507,19.269,20.118
2022-07-19,9.893,14.575,44.183,29.233,34.4,21.685,36.462,30.608,27.246,27.056,20.605,19.96
2022-07-20,9.893,14.665,45.898,28.747,34.1,22.246,37.38,29.944,28.082,28.705,20.847,19.921
2022-07-21,9.718,14.665,47.776,29.41,34.25,22.152,37.708,29.763,29.691,28.113,20.483,19.607
2022-07-22,9.964,14.44,47.531,29.189,33.25,21.965,38.036,30.246,29.12,27.902,20.24,19.803
2022-07-25,10.104,14.17,46.551,29.189,33.65,21.311,38.626,30.095,28.712,27.817,21.05,19.725
2022-07-26,10.314,14.215,45.898,28.924,33.05,21.264,38.692,29.824,28.631,28.156,20.524,19.725
2022-07-27,10.385,14.215,49.083,28.924,33.25,21.591,38.561,29.28,29.773,27.226,21.009,19.646
2022-07-28,10.42,14.485,49.573,29.897,33.5,22.386,38.298,31.272,31.771,27.606,21.293,19.607
2022-07-29,10.244,14.53,49.982,29.587,32.0,22.339,39.282,31.212,31.241,27.902,21.05,19.528
2022-08-01,10.385,14.845,49.655,30.073,32.35,23.087,40.331,32.238,32.26,28.198,21.212,19.607
2022-08-02,10.525,15.025,49.41,30.25,33.3,23.18,39.872,31.755,32.301,28.663,21.859,19.607
2022-08-03,10.665,15.115,49.9,30.869,33.0,23.087,41.249,31.997,32.22,29.466,21.536,19.646
2022-08-04,10.806,15.025,47.45,30.516,33.2,22.993,41.249,31.272,32.342,29.255,21.252,19.646
2022-08-05,10.806,15.115,47.94,30.825,32.7,23.134,41.249,31.695,33.484,28.959,21.293,19.489
2022-08-08,10.911,15.295,47.613,30.958,32.3,23.461,40.725,31.635,33.239,29.551,21.819,20.353
2022-08-09,10.946,15.115,48.103,30.427,32.65,23.601,41.315,32.118,33.402,29.635,21.536,20.353
2022-08-10,10.981,15.295,48.185,30.648,32.4,23.414,41.577,32.54,34.34,29.17,21.536,19.96
2022-08-11,10.7,15.07,50.635,29.941,32.9,23.087,41.643,31.574,32.628,28.536,21.05,19.646
2022-08-12,10.806,14.98,54.147,30.339,33.1,23.227,43.938,32.842,33.076,28.621,20.888,19.646
2022-08-15,10.876,15.025,53.82,30.516,33.2,23.227,44.069,32.963,33.199,29.086,21.495,19.764
2022-08-16,11.051,15.25,54.637,30.339,32.95,23.18,43.413,32.54,33.647,29.424,21.333,19.803
2022-08-17,10.946,15.025,53.33,30.029,33.65,22.947,42.627,32.54,33.606,29.043,20.928,19.646
2022-08-18,10.806,14.755,52.513,29.41,34.05,22.76,42.889,31.876,33.28,28.748,20.807,19.292
2022-08-19,10.525,14.53,56.188,29.012,33.95,22.619,42.036,31.876,33.199,27.817,20.685,19.567
2022-08-22,10.104,14.395,54.555,29.764,33.0,22.105,42.627,31.333,31.119,26.718,20.443,19.803
2022-08-23,10.77,14.845,55.208,29.897,32.5,22.386,42.954,32.48,32.628,27.226,20.928,19.41
2022-08-24,10.63,14.71,57.168,30.781,32.45,22.573,42.233,33.808,32.301,27.437,21.009,19.607
2022-08-25,10.665,14.845,56.188,30.781,32.95,23.788,41.643,33.627,32.628,27.775,20.888,19.803
2022-08-26,10.42,14.665,57.005,30.693,32.5,23.741,42.167,33.506,32.709,27.352,20.726,19.41
2022-08-29,10.42,14.395,55.372,30.118,31.8,23.32,41.774,33.506,32.464,27.183,20.645,19.646
2022-08-30,10.385,14.35,55.127,31.268,31.8,24.909,42.627,33.506,30.996,27.268,20.726,19.45
2022-08-31,10.49,14.35,55.78,31.223,31.85,24.629,42.627,33.137,30.996,27.268,22.143,19.489
2022-09-05,10.63,14.575,55.127,31.887,32.0,24.489,42.954,32.891,30.751,28.325,22.507,19.646
2022-09-06,10.77,14.395,53.983,31.312,31.65,24.208,42.627,33.137,31.404,28.24,22.507,20.039
2022-09-07,10.385,13.9,50.227,29.277,31.25,24.115,40.659,31.046,29.773,26.634,22.467,19.725
2022-09-08,10.104,13.81,47.94,29.41,31.45,23.367,40.134,30.309,28.549,26.211,22.062,19.725
2022-09-09,10.314,13.945,51.288,30.073,32.2,23.694,40.594,30.739,30.18,26.507,23.6,20.039
2022-09-12,10.244,13.945,50.88,29.631,32.0,23.367,40.397,30.739,29.365,26.845,24.248,20.353
2022-09-13,10.385,13.855,49.818,29.764,32.05,23.414,40.987,30.555,29.039,26.507,24.288,20.51
2022-09-14,10.42,13.765,51.288,29.587,31.7,23.367,40.79,30.985,29.039,26.211,23.964,20.118
2022-09-15,10.42,13.855,52.105,29.852,31.95,23.835,41.249,31.231,28.916,26.169,24.45,20.235
2022-09-16,10.49,13.765,50.227,28.968,31.25,22.993,40.856,30.401,27.489,25.323,25.098,20.235
2022-09-19,11.016,13.495,46.715,26.978,31.45,21.404,40.069,28.28,26.918,23.59,24.45,19.567
2022-09-20,10.981,13.72,48.92,27.641,31.95,21.965,40.069,28.895,26.958,22.618,24.288,19.685
2022-09-21,11.507,13.765,48.43,27.774,31.55,21.731,40.134,28.587,26.836,21.814,24.126,20.196
2022-09-22,11.683,14.035,49.573,27.862,31.65,22.059,39.544,28.956,27.04,22.998,25.786,19.725
2022-09-23,11.367,13.942,48.103,27.508,31.3,21.825,39.282,28.895,26.224,22.068,25.219,19.528
2022-09-26,11.577,13.381,46.551,26.535,31.0,21.498,38.364,26.897,26.02,20.525,24.693,19.41
2022-09-27,11.402,13.895,44.056,26.535,30.5,21.264,38.692,26.436,25.205,19.109,25.746,19.41
2022-09-28,10.63,13.381,42.643,25.872,28.75,20.75,37.708,26.005,25.123,18.601,23.964,19.607
2022-09-29,9.893,13.194,41.146,24.368,27.3,19.535,37.708,24.653,24.471,17.798,22.305,18.389
2022-09-30,9.543,12.913,42.726,24.368,27.5,19.535,37.774,25.145,24.226,17.544,23.033,18.074
2022-10-03,8.876,12.024,39.775,22.688,27.75,18.18,36.134,23.392,22.554,16.488,21.455,18.703
2022-10-04,8.525,11.229,39.983,22.776,28.5,17.058,36.069,22.747,21.983,17.544,21.05,18.546
2022-10-05,8.981,11.603,42.726,23.218,30.0,17.853,36.79,23.823,23.247,18.305,22.507,18.153
2022-10-06,8.385,10.807,41.562,22.069,30.05,16.637,37.118,22.194,22.268,17.037,21.455,18.389
2022-10-07,7.824,10.059,41.562,20.543,30.1,15.516,36.724,20.657,21.738,16.34,21.661,18.232
2022-10-10,8.069,10.386,44.471,21.051,30.1,15.796,37.315,21.179,21.616,17.481,22.533,17.917
2022-10-11,7.508,9.778,41.562,19.592,30.0,14.721,35.741,19.704,20.107,16.572,20.956,17.21
2022-10-12,7.438,10.199,44.471,20.233,30.0,15.306,37.052,20.78,20.148,17.164,21.247,17.289
2022-10-13,7.683,10.199,43.557,20.145,30.2,15.354,38.167,21.394,20.637,17.227,21.869,17.681
2022-10-14,7.683,10.386,43.557,20.786,29.85,15.786,38.888,21.517,20.841,17.946,21.993,17.681
2022-10-17,7.824,10.386,44.388,21.361,28.0,15.93,38.626,21.732,19.984,17.756,22.574,17.053
2022-10-18,7.788,10.527,44.554,21.494,29.2,16.122,39.675,21.271,21.371,17.756,22.823,17.485
2022-10-19,8.12,10.527,43.391,20.963,29.25,15.882,39.413,21.517,21.289,18.009,22.076,17.171
2022-10-20,8.009,10.433,41.562,20.72,29.3,15.546,39.938,20.903,20.637,18.009,21.247,16.896
2022-10-21,7.456,9.731,38.653,19.282,28.4,14.491,39.216,19.458,19.209,17.101,21.164,16.503
2022-10-24,6.939,9.076,35.951,17.933,28.25,13.483,39.216,18.105,17.904,15.917,21.412,16.974
2022-10-25,6.939,8.908,33.457,16.916,28.05,12.763,39.61,16.845,16.681,14.839,21.827,16.385
2022-10-26,6.865,8.861,31.13,16.585,27.4,12.955,40.784,15.708,15.539,13.803,21.827,15.953
2022-10-27,7.345,9.226,33.291,17.734,27.5,13.819,43.618,16.784,16.151,14.374,22.076,16.188
2022-10-28,7.293,9.451,33.499,18.066,27.85,13.915,42.927,16.937,15.498,14.205,21.827,16.188
2022-10-31,7.197,9.357,33.748,17.867,27.7,13.819,42.166,16.937,14.438,14.839,21.081,15.795
2022-11-01,7.168,9.497,33.915,17.889,27.7,13.915,45.07,17.214,15.417,14.797,21.661,15.795
2022-11-02,7.153,9.451,32.501,18.132,27.7,13.627,43.342,17.122,15.172,14.289,21.329,15.481
2022-11-03,7.53,9.451,32.418,18.132,27.55,13.675,42.512,16.906,14.519,14.564,19.877,15.481
2022-11-04,7.168,9.114,30.174,16.983,27.15,12.811,42.166,15.892,13.54,14.966,19.919,14.97
2022-11-07,6.673,8.478,28.096,16.739,26.7,11.947,39.263,14.785,12.602,13.93,18.549,14.145
2022-11-08,6.6,8.515,28.927,17.889,26.65,12.523,36.636,14.693,11.746,13.148,18.923,13.988
2022-11-09,6.6,8.515,29.343,18.132,26.85,12.763,38.365,14.57,10.93,13.528,19.089,14.459
2022-11-10,6.142,7.925,27.306,16.894,26.5,11.9,35.738,14.14,10.196,12.598,17.802,14.459
2022-11-11,5.714,7.916,25.436,16.806,27.15,11.084,36.083,14.663,9.503,11.732,19.047,14.067
2022-11-14,5.315,7.514,23.69,15.634,27.5,10.316,36.291,14.447,8.85,10.928,18.964,13.477
2022-11-15,4.946,6.99,22.069,14.55,28.5,9.596,35.945,13.464,8.238,10.167,17.678,13.084
2022-11-16,5.286,7.476,23.607,15.567,30.2,10.268,37.328,14.386,8.809,10.865,18.84,13.281
2022-11-17,5.455,7.766,24.563,15.567,32.3,10.94,38.295,14.755,9.095,11.245,18.84,13.831
2022-11-18,5.824,7.944,25.02,16.363,32.8,11.66,37.12,15.738,9.707,11.076,19.089,13.556
2022-11-21,6.127,8.085,25.187,16.275,32.0,12.475,37.259,16.384,10.359,11.837,20.126,13.477
2022-11-22,5.92,8.403,25.103,16.585,30.5,12.091,37.881,16.199,10.604,11.901,19.919,13.438
2022-11-23,5.544,8.178,24.937,17.027,29.85,12.043,36.291,15.585,9.87,12.197,20.749,12.888
2022-11-24,5.573,8.028,24.854,17.027,30.5,12.475,35.945,15.861,9.911,12.387,20.583,13.045
2022-11-25,5.95,8.244,26.558,18.0,32.5,12.955,37.328,16.906,10.604,12.598,20.956,13.045
2022-11-28,6.363,8.814,28.387,18.796,32.5,13.531,38.019,17.829,11.338,13.296,21.164,13.516
2022-11-29,6.54,9.357,30.34,18.707,34.7,13.579,38.365,17.829,12.072,13.655,21.164,14.145
2022-11-30,6.577,9.544,30.465,18.84,34.8,13.627,40.991,18.628,12.888,13.021,22.574,14.538
2022-12-01,6.577,9.591,30.34,19.017,33.0,14.203,40.438,18.228,13.785,13.232,21.62,14.067
2022-12-02,6.777,9.638,32.46,20.344,34.4,14.874,39.401,18.997,14.723,13.063,22.284,14.145
2022-12-05,6.998,9.825,33.0,20.388,34.05,14.97,39.678,18.628,15.743,13.042,22.076,14.145
2022-12-06,6.511,9.591,31.836,19.282,33.3,13.963,38.088,17.583,14.642,13.951,21.952,14.224
2022-12-07,6.164,9.404,32.418,19.902,35.6,13.435,39.125,16.906,13.622,14.162,22.242,13.909
2022-12-08,6.349,9.638,33.25,20.078,34.95,14.107,40.507,17.46,14.56,14.585,22.242,14.224
2022-12-09,6.791,10.106,34.496,19.99,33.9,14.443,40.507,17.952,15.539,14.162,22.948,14.106
2022-12-12,6.791,10.293,36.117,20.123,31.55,14.203,39.125,18.013,14.478,14.67,22.823,14.145
2022-12-13,6.791,10.106,36.491,20.344,30.8,14.395,39.263,18.198,15.049,15.557,23.031,14.106
2022-12-14,6.865,9.965,36.491,20.609,30.4,14.874,39.609,19.458,14.519,15.156,22.989,14.499
2022-12-15,6.88,10.012,35.785,20.631,30.3,14.97,40.369,20.288,14.846,15.156,23.197,14.263
2022-12-16,7.138,10.246,35.245,20.509,29.2,15.162,40.784,19.95,15.498,15.008,23.197,14.067
2022-12-19,6.939,10.386,32.917,19.348,28.25,14.682,41.475,18.566,14.682,14.12,22.823,14.027
2022-12-20,6.688,9.685,32.003,18.623,27.95,13.723,40.646,17.275,13.663,14.141,22.201,14.067
2022-12-21,6.496,9.731,30.008,18.865,27.45,13.627,41.06,16.353,12.725,13.338,21.993,14.067
2022-12-22,6.54,9.591,29.509,19.76,27.5,13.915,41.544,16.384,13.133,13.105,23.031,14.302
2022-12-23,6.496,9.591,30.34,19.542,27.55,13.771,41.89,16.538,12.929,13.232,23.819,14.852
2022-12-26,6.194,9.217,28.221,18.502,26.45,12.811,41.268,15.4,12.031,12.429,23.238,14.302
2022-12-27,6.422,9.544,29.093,19.203,26.7,13.675,41.752,15.954,12.847,13.296,23.487,14.869
2022-12-28,6.4,9.778,29.925,19.614,26.75,13.627,42.236,16.538,12.806,13.718,23.861,14.869
2022-12-29,6.607,9.638,28.304,19.252,26.8,13.243,41.544,16.23,12.072,13.74,23.819,14.707
2022-12-30,6.954,9.685,28.096,19.058,26.9,13.243,41.475,16.107,11.664,13.634,23.944,14.667
2023-01-03,7.419,10.34,30.049,19.832,28.4,14.011,42.65,17.183,12.48,14.585,24.193,14.91
2023-01-04,7.751,10.667,29.925,20.026,28.0,14.251,42.028,17.644,12.806,14.522,25.272,15.396
2023-01-05,7.825,10.714,31.255,20.122,28.1,14.299,42.166,17.583,12.929,14.839,24.898,15.396
2023-01-06,7.567,10.386,30.756,20.026,28.05,13.819,42.166,17.152,12.317,14.458,23.861,15.396
2023-01-09,7.53,10.246,29.925,19.784,27.5,13.819,42.65,17.091,12.072,14.331,23.363,15.396
2023-01-10,8.046,10.948,29.925,19.348,27.25,13.819,42.581,17.245,12.317,14.036,23.404,15.396
2023-01-11,7.973,11.603,30.34,19.397,27.55,13.915,41.89,17.368,12.643,14.036,23.736,15.274
2023-01-12,8.12,12.258,31.171,19.494,27.5,14.203,41.752,17.798,12.398,13.951,23.778,15.193
2023-01-13,8.083,12.071,30.839,19.348,27.5,13.963,41.89,17.706,12.439,13.993,23.736,15.193
2023-01-16,8.637,12.492,30.216,19.518,27.4,14.586,42.858,17.952,12.154,14.078,23.446,15.153
2023-01-17,9.228,12.585,31.13,20.461,27.6,15.114,44.586,18.228,12.643,14.733,23.819,15.072
2023-01-18,9.338,12.211,31.587,20.606,28.35,15.354,43.895,18.505,13.5,15.388,23.612,14.991
2023-01-19,9.301,12.445,32.585,21.041,28.7,15.642,43.825,18.505,13.459,15.642,23.612,15.477
2023-01-27,9.855,12.772,32.751,22.13,29.6,16.17,44.171,19.673,13.173,15.642,23.404,16.004
2023-01-30,9.67,12.913,31.712,21.622,28.85,15.834,46.452,19.396,13.867,15.388,22.699,16.004
2023-01-31,10.04,13.427,32.626,22.009,28.55,16.026,44.931,19.673,14.275,16.445,23.902,15.396
2023-02-01,9.338,12.492,30.839,21.09,27.6,14.922,42.581,18.32,13.296,16.065,22.906,15.234
2023-02-02,9.006,12.351,31.088,21.017,27.9,14.634,41.475,17.89,12.725,15.769,22.325,15.153
2023-02-03,9.634,12.819,30.714,21.017,28.0,14.778,41.199,17.952,12.766,16.192,22.45,15.234
2023-02-06,9.56,12.539,31.047,21.041,28.0,14.97,40.438,17.706,12.969,16.699,23.28,15.031
2023-02-07,8.895,12.164,29.509,20.267,27.5,14.203,40.991,17.214,12.235,16.276,23.321,14.91
2023-02-08,9.191,12.351,29.925,20.098,27.2,14.155,42.166,17.337,12.195,16.023,23.321,15.558
2023-02-09,9.338,12.258,29.592,20.316,27.1,14.347,42.028,17.306,12.072,16.255,23.238,15.599
2023-02-10,9.043,12.585,29.093,20.147,27.0,14.059,41.475,17.398,11.583,15.6,23.321,15.436
2023-02-13,8.674,13.381,27.057,19.59,26.7,13.435,40.922,16.661,10.808,14.522,24.234,15.639
2023-02-14,8.895,13.147,27.348,19.663,26.45,13.579,42.858,16.568,10.808,14.712,23.861,15.355
2023-02-15,9.486,13.989,28.927,19.977,26.45,13.915,42.858,17.214,11.42,14.944,24.068,14.829
2023-02-16,9.707,14.036,30.174,20.364,26.7,14.155,43.203,17.736,11.583,15.071,23.944,14.869
2023-02-17,9.855,13.849,29.509,20.364,26.75,14.107,42.028,17.829,11.583,15.304,24.4,15.234
2023-02-20,10.04,14.457,31.088,21.041,27.05,14.826,42.305,18.874,12.358,16.065,24.483,15.031
2023-02-21,10.04,14.036,30.797,20.896,27.15,14.73,42.719,18.443,12.48,15.875,23.819,15.639
2023-02-22,9.855,13.194,29.384,20.074,26.5,13.963,42.166,17.152,11.664,15.557,23.57,15.558
2023-02-23,9.966,14.082,29.592,19.88,26.5,14.203,42.097,17.337,11.624,15.304,24.234,15.234
2023-02-24,9.56,14.082,28.428,19.614,26.45,13.723,41.544,16.906,11.256,15.008,24.234,14.991
2023-02-27,9.264,13.708,27.431,19.59,26.25,13.387,41.337,16.353,10.767,14.289,23.653,15.153
2023-02-28,9.006,13.1,28.013,19.494,26.3,13.387,41.337,16.353,11.012,13.697,23.819,15.193
2023-03-01,9.634,13.661,29.093,19.832,26.35,13.819,42.305,16.906,10.278,14.416,24.276,15.153
2023-03-02,9.597,13.521,28.387,19.76,26.4,13.675,42.028,16.722,10.278,14.268,25.562,15.193
2023-03-03,9.634,13.708,27.763,19.59,26.35,13.531,41.406,16.292,9.584,13.951,24.857,15.112
2023-03-06,9.634,13.708,27.763,19.639,26.3,13.627,41.268,16.353,10.237,13.909,24.4,15.315
2023-03-07,9.818,14.41,27.93,19.663,26.35,13.819,41.475,16.476,9.747,13.782,24.649,15.274
2023-03-08,10.261,14.597,28.511,19.76,26.5,13.915,41.544,16.845,9.951,14.162,24.732,15.274
2023-03-09,10.113,14.41,29.01,20.267,26.5,14.539,41.13,17.429,9.87,14.205,25.064,15.274
2023-03-10,9.818,13.942,28.678,19.832,26.55,14.395,40.853,17.183,9.625,14.416,24.566,15.274
2023-03-13,9.781,13.942,27.847,19.59,26.65,14.347,40.438,16.814,9.462,14.162,24.317,15.274
2023-03-14,9.486,13.427,27.182,19.107,26.5,13.723,39.954,16.384,8.973,13.824,24.068,14.91
2023-03-15,9.929,14.129,28.262,19.542,27.0,14.586,40.438,17.091,9.584,14.289,24.483,14.991
2023-03-16,9.634,13.849,27.472,19.252,26.65,14.251,39.471,16.691,9.788,13.993,24.068,14.869
2023-03-17,9.597,13.849,27.265,19.227,26.6,14.299,39.678,16.661,10.155,14.014,24.068,14.95
2023-03-20,9.486,13.661,25.685,18.768,26.4,13.771,39.678,16.415,9.544,13.486,23.653,14.869
2023-03-21,9.634,13.895,25.644,19.034,26.4,13.867,39.885,16.568,9.829,13.613,24.068,14.869
2023-03-22,9.597,14.316,25.768,19.058,26.4,13.915,40.3,16.661,9.992,13.528,24.234,14.95
2023-03-23,9.67,14.457,26.226,18.913,26.4,13.915,40.162,16.814,10.196,13.423,24.276,14.91
2023-03-24,9.707,14.223,26.807,19.107,26.65,14.203,39.747,17.368,10.4,13.697,24.061,14.91
2023-03-27,9.855,14.41,26.849,19.252,26.65,14.299,40.577,17.767,10.808,13.909,24.577,14.91
2023-03-28,10.003,14.316,26.807,19.179,26.7,14.203,40.369,17.552,10.522,14.036,24.491,14.869
2023-03-29,10.04,14.55,26.6,19.3,26.75,14.155,40.3,17.644,10.726,14.184,24.577,15.031
2023-03-30,9.855,14.363,26.683,19.107,26.85,14.107,40.162,17.337,10.522,14.331,24.577,15.234
2023-03-31,9.929,14.129,27.68,19.421,27.5,14.874,40.369,18.136,11.012,14.458,24.749,15.274
2023-04-03,10.335,14.55,28.47,19.784,29.0,15.306,40.507,18.966,11.746,14.649,25.049,15.234
2023-04-04,10.261,14.597,28.345,19.905,28.4,15.306,41.199,18.843,12.154,15.663,25.694,15.274
2023-04-05,10.113,14.457,30.008,20.558,27.75,15.546,41.683,19.366,12.643,15.832,26.21,15.153
2023-04-06,9.966,14.363,29.093,20.243,27.25,14.97,41.959,18.505,12.969,15.705,25.35,14.95
2023-04-07,9.855,14.41,29.551,20.098,27.2,15.258,43.342,19.243,13.867,15.832,25.049,15.072
2023-04-10,9.56,13.755,30.257,20.074,26.9,15.258,42.996,19.673,14.193,15.917,25.135,15.193
2023-04-11,9.744,13.802,30.34,20.122,26.8,15.594,43.065,19.919,14.275,16.361,25.608,15.315
2023-04-12,9.707,13.708,30.34,20.654,26.55,15.69,43.342,20.595,14.03,16.826,25.694,15.761
2023-04-13,9.67,13.661,30.008,20.34,26.5,15.306,42.996,20.196,14.193,16.065,25.737,15.558
2023-04-14,9.449,13.568,28.761,19.445,26.45,14.682,43.134,18.874,13.214,16.192,24.921,15.761
2023-04-17,9.486,13.755,28.761,19.832,26.45,14.778,43.065,19.304,13.296,15.684,24.878,15.639
2023-04-18,9.781,13.849,29.093,19.687,26.4,14.874,42.996,19.734,14.193,16.023,25.178,15.234
2023-04-19,9.523,13.661,28.927,19.445,26.3,14.443,45.968,19.027,13.867,16.276,25.264,15.396
2023-04-20,9.486,13.615,28.969,19.397,26.3,14.539,47.973,19.396,13.989,15.959,25.221,15.639
2023-04-21,9.338,13.147,28.345,19.397,26.35,14.491,51.153,19.027,13.948,16.001,25.436,15.599
2023-04-24,9.449,12.819,27.348,19.373,26.3,14.682,51.153,19.366,13.785,16.403,25.952,15.234
2023-04-25,9.338,12.726,27.015,19.373,26.25,14.491,49.978,19.396,13.214,17.544,25.952,15.274
2023-04-26,9.412,12.679,27.015,19.639,25.95,14.73,53.434,20.103,13.785,17.671,25.995,15.396
2023-04-27,9.523,12.679,27.472,19.76,25.25,14.826,54.333,19.827,14.275,17.333,25.995,15.639
2023-04-28,9.486,12.866,27.722,19.953,26.05,14.922,53.503,20.011,15.253,17.333,27.112,15.639
2023-05-04,9.67,13.24,27.847,19.953,25.65,15.066,56.959,20.349,15.417,17.925,27.241,16.044
2023-05-05,9.56,13.24,28.678,19.784,25.35,14.874,56.337,19.95,15.539,17.291,26.768,16.936
2023-05-08,9.597,13.147,29.301,20.219,25.45,15.546,56.406,20.872,15.376,16.699,26.553,18.111
2023-05-09,9.744,13.147,29.135,20.267,25.3,15.498,55.922,21.271,15.09,17.079,26.725,18.313
2023-05-10,9.892,13.194,30.839,20.509,25.3,16.17,56.959,21.21,15.62,16.953,26.811,18.516
2023-05-11,9.892,13.334,30.756,20.292,25.25,16.026,57.236,21.21,16.681,17.101,26.467,18.192
2023-05-12,10.04,13.521,31.546,20.461,25.85,16.122,56.821,21.302,16.844,17.523,26.768,18.799
2023-05-15,9.818,13.287,30.382,20.147,27.2,15.498,57.305,20.903,16.477,17.608,26.467,18.759
2023-05-16,9.855,13.287,30.673,20.147,26.45,15.354,60.07,20.657,17.129,17.143,26.639,18.637
2023-05-17,9.67,13.147,29.758,20.219,26.6,15.21,58.757,20.073,16.966,17.058,26.338,18.232
2023-05-18,9.67,12.913,30.631,20.074,26.6,15.21,58.757,20.073,15.784,16.657,26.553,18.556
2023-05-19,9.781,12.913,30.922,20.896,26.25,15.594,55.663,20.349,16.722,16.466,27.284,18.637
2023-05-22,10.298,13.474,31.587,20.969,26.05,15.834,56.327,20.749,16.722,16.551,28.444,19.407
2023-05-23,10.15,13.287,31.088,21.041,26.3,15.738,55.958,20.441,16.803,16.403,28.186,20.258
2023-05-24,10.298,13.334,30.34,21.041,26.3,15.45,54.778,20.534,17.007,16.53,28.186,20.298
2023-05-25,10.556,13.427,30.756,22.178,26.3,16.074,57.801,21.118,16.762,16.699,28.272,20.096
2023-05-26,10.63,13.427,31.255,22.251,26.0,16.506,57.211,21.087,16.966,16.572,28.272,20.42
2023-05-29,10.667,13.661,33.416,22.251,26.35,17.465,57.727,22.132,17.048,16.868,28.229,20.177
2023-05-30,10.999,14.223,33.998,22.154,26.2,17.657,58.243,22.132,17.089,17.058,28.616,19.61
2023-05-31,10.852,14.129,33.826,22.976,26.0,17.465,58.833,22.132,17.415,17.227,28.358,20.055
2023-06-01,10.815,14.036,35.359,22.976,26.0,18.041,57.875,22.255,18.067,16.995,28.358,19.812
2023-06-02,10.852,14.082,35.359,22.662,26.0,18.137,56.032,22.224,17.782,16.931,28.272,19.974
2023-06-05,10.667,14.082,34.337,22.565,26.05,17.609,55.147,21.763,17.293,18.115,28.874,20.42
2023-06-06,10.815,14.082,34.933,22.734,26.6,17.993,57.801,22.071,17.415,18.073,28.788,20.501
2023-06-07,11.295,14.597,35.615,23.025,26.4,17.801,57.949,22.224,17.945,18.813,28.1,20.501
2023-06-08,10.861,14.176,36.552,22.299,26.2,17.273,60.898,22.224,16.966,18.115,27.885,19.812
2023-06-09,10.9,14.036,37.404,22.347,26.15,17.321,65.1,22.378,17.048,18.813,27.627,19.812
2023-06-12,10.94,14.176,37.617,22.347,26.7,17.417,66.28,22.501,16.518,19.045,27.842,20.136
2023-06-13,10.9,14.082,36.424,22.42,27.05,17.657,67.828,22.378,17.089,18.644,27.499,20.704
2023-06-14,10.782,13.942,34.976,22.275,26.9,17.178,64.879,21.886,16.722,18.263,27.284,20.663
2023-06-15,10.742,13.755,35.657,22.251,26.75,17.321,66.206,21.456,16.762,18.411,27.67,20.622
2023-06-16,10.821,13.755,35.189,22.347,26.75,17.082,65.911,21.456,16.966,17.967,27.069,20.663
2023-06-19,10.94,13.895,36.126,22.202,26.05,17.178,63.92,21.302,17.293,18.094,27.069,20.258
2023-06-20,11.69,14.223,37.958,22.686,26.0,18.041,64.952,21.855,17.823,18.39,26.639,20.136
2023-06-21,11.808,15.205,38.512,23.194,26.2,18.713,65.1,22.163,17.7,18.686,26.811,20.217
2023-06-22,11.808,15.205,38.469,23.218,26.2,18.569,64.141,22.901,18.802,18.876,27.842,20.339
2023-06-23,11.769,15.159,37.83,22.807,26.0,18.233,65.69,22.624,18.598,18.665,27.456,20.501
2023-06-26,11.848,15.252,36.637,23.073,26.1,18.809,68.934,22.993,18.842,18.897,27.456,20.096
2023-06-27,12.045,15.392,36.637,22.952,26.2,18.809,68.049,23.024,18.638,19.743,27.327,20.177
2023-06-28,11.887,15.252,36.808,23.097,26.1,18.521,67.754,22.747,18.271,19.362,27.198,20.096
2023-06-29,11.966,15.159,35.956,22.517,25.9,18.281,65.616,22.132,17.211,18.897,26.639,20.055
2023-06-30,12.045,15.159,36.296,22.444,25.5,18.617,68.123,22.224,17.17,19.024,25.694,20.177
2023-07-03,12.124,15.252,37.191,22.928,25.55,19.337,68.123,22.655,17.048,19.278,25.522,20.258
2023-07-04,12.203,15.346,37.319,23.412,25.65,19.481,67.533,22.624,17.537,19.531,26.124,20.177
2023-07-05,12.124,15.907,37.83,23.944,25.5,19.289,67.459,22.808,17.333,19.785,25.952,20.136
2023-07-06,12.124,15.626,37.489,23.871,25.2,19.864,68.049,23.277,17.007,19.996,25.78,20.096
2023-07-07,12.361,16.094,38.767,24.669,25.05,20.392,69.302,23.904,16.966,20.292,25.565,20.339
2023-07-10,12.322,16.094,38.682,24.669,25.45,20.392,69.302,23.756,17.456,20.715,26.21,20.379
2023-07-11,12.243,15.673,39.023,24.572,25.4,20.632,68.639,23.682,17.211,20.398,25.909,20.825
2023-07-12,12.559,15.673,38.852,24.718,25.7,20.728,68.639,23.609,17.17,20.229,25.694,22.243
2023-07-13,12.559,15.533,39.96,24.814,25.75,20.776,69.966,23.904,18.027,20.715,25.952,22.365
2023-07-14,12.519,15.907,39.918,24.814,25.7,20.728,70.04,23.793,18.271,20.609,26.94,22.324
2023-07-17,12.44,15.86,39.364,25.105,26.45,21.112,70.04,23.904,18.883,20.44,26.811,22.365
2023-07-18,12.48,15.86,39.279,24.814,26.35,20.968,70.04,24.346,19.046,20.44,26.596,22.203
2023-07-19,12.282,15.626,39.023,24.814,26.05,20.824,74.905,26.043,18.72,20.44,26.553,21.635
2023-07-20,12.361,15.907,39.619,24.669,26.0,20.632,75.716,26.67,18.924,20.229,26.21,21.716
2023-07-21,12.519,16.001,40.301,24.766,26.05,21.112,74.316,26.965,20.229,20.842,26.424,23.053
2023-07-24,12.914,16.328,41.238,25.201,26.0,21.304,75.2,26.965,20.392,21.307,25.995,23.256
2023-07-25,12.756,16.001,40.386,24.911,25.75,20.92,75.938,26.486,20.882,21.222,25.694,23.175
2023-07-26,12.677,15.86,40.471,25.153,25.5,20.728,75.2,27.113,20.759,21.074,25.823,22.81
2023-07-27,12.559,15.626,39.705,25.54,25.55,20.824,72.989,27.297,21.208,20.652,25.007,23.823
2023-07-28,12.598,15.626,40.642,25.395,25.75,21.112,72.251,27.297,20.882,21.032,25.135,24.228
2023-07-31,12.677,15.767,40.386,25.25,27.55,21.448,72.251,26.855,21.208,20.99,25.264,24.634
2023-08-01,12.677,15.72,41.409,25.395,29.45,21.112,71.367,27.002,20.311,20.546,25.135,23.742
2023-08-02,12.717,15.86,41.238,25.443,29.15,21.016,70.629,27.445,20.637,20.525,25.092,23.702
2023-08-03,12.677,15.814,40.216,25.298,29.1,20.92,65.985,27.297,20.882,21.096,25.35,23.58
2023-08-04,12.914,15.814,40.557,25.395,31.1,21.016,64.805,27.519,21.942,20.948,25.221,23.945
2023-08-07,12.993,16.188,40.77,25.588,31.95,21.784,65.985,28.625,21.738,22.067,25.221,23.864
2023-08-08,12.835,15.907,40.216,25.346,33.5,21.688,68.418,28.146,21.371,21.782,26.038,23.661
2023-08-09,12.677,15.86,39.108,24.718,32.9,21.256,67.385,27.629,21.045,21.306,25.694,23.864
2023-08-10,12.559,15.346,39.492,24.427,33.95,20.584,65.837,27.371,21.004,20.989,25.436,23.904
2023-08-11,12.401,15.299,39.577,24.524,36.3,20.248,64.584,27.445,21.616,20.862,25.522,23.904
2023-08-14,12.717,15.486,40.045,24.572,36.65,20.68,65.542,28.256,22.431,21.306,25.479,24.147
2023-08-15,12.677,15.159,41.11,24.524,35.35,20.584,66.648,27.924,22.35,21.433,25.522,23.985
2023-08-16,12.559,15.112,40.684,24.814,37.8,20.488,65.469,27.592,23.247,21.306,25.35,23.904
2023-08-17,12.48,14.737,39.662,24.524,35.95,20.44,62.962,27.039,22.676,21.464,25.092,23.864
2023-08-18,11.611,13.708,36.893,22.831,33.45,19.049,63.183,25.158,21.126,19.974,23.374,22.851
2023-08-21,11.334,13.287,36.637,22.734,32.9,18.521,63.036,24.826,20.718,19.213,23.632,23.378
2023-08-22,11.374,13.1,37.319,23.17,32.25,18.281,62.667,25.748,20.718,19.562,23.803,23.337
2023-08-23,11.374,13.147,36.85,23.146,32.5,18.425,61.192,25.6,20.515,19.847,23.632,22.365
2023-08-24,11.611,13.708,38.171,23.387,32.1,19.001,61.856,25.969,21.942,19.974,23.718,22.324
2023-08-25,11.69,13.381,38.171,23.266,31.75,18.857,65.1,26.043,22.024,19.847,23.632,22.527
2023-08-28,11.69,13.427,38.938,23.702,32.35,19.385,64.51,26.191,22.595,20.101,23.718,23.661
2023-08-29,11.729,13.334,39.193,23.895,31.7,19.817,66.353,26.707,22.595,20.26,23.675,23.337
2023-08-30,11.808,13.661,39.364,24.331,31.0,19.864,65.763,27.002,23.247,20.608,23.675,23.256
2023-08-31,12.045,13.942,40.897,24.621,31.05,20.968,64.952,27.703,23.369,22.003,23.975,23.661
2023-09-05,12.322,14.129,41.409,24.718,31.15,21.112,64.584,27.74,23.614,22.669,24.921,23.702
2023-09-06,12.322,14.129,42.942,24.814,30.8,21.112,69.081,28.404,24.022,22.669,24.878,24.309
2023-09-07,12.559,14.129,42.942,24.911,30.4,21.496,69.597,28.404,23.94,22.606,24.706,24.351
2023-09-08,12.559,14.316,43.453,25.138,29.55,21.784,70.703,29.474,23.981,24.159,25.35,24.436
2023-09-11,12.322,14.316,42.431,24.485,29.55,20.872,68.639,28.404,22.676,23.906,25.565,23.925
2023-09-12,12.796,14.363,44.22,24.736,30.15,21.784,67.68,29.179,23.614,24.35,25.651,23.925
2023-09-13,13.665,14.644,43.624,24.761,29.6,21.4,67.459,28.994,23.166,24.096,25.35,23.67
2023-09-14,13.941,14.784,42.601,24.56,27.75,21.112,65.026,28.146,22.268,24.445,24.806,23.925
2023-09-15,13.98,14.41,43.624,24.987,26.8,21.688,63.625,28.81,22.187,24.445,24.082,23.84
2023-09-18,14.138,13.942,43.453,25.239,26.5,21.256,64.289,28.773,21.86,23.716,23.991,23.074
2023-09-19,13.98,13.661,43.879,25.088,25.85,21.4,64.215,28.515,22.35,24.35,24.172,23.031
2023-09-20,14.217,13.895,45.158,26.747,26.75,22.168,66.353,29.658,23.084,25.047,24.398,22.606
2023-09-21,13.941,13.849,44.731,26.496,26.1,22.264,67.017,29.916,22.431,25.142,24.082,22.819
2023-09-22,13.151,13.381,42.942,25.641,25.0,20.968,65.247,28.515,20.882,24.223,23.629,22.691
2023-09-25,12.243,12.445,39.96,23.881,23.25,19.529,62.741,26.523,19.454,22.828,22.814,22.521
2023-09-26,11.927,12.632,38.512,23.479,22.5,18.185,62.888,25.084,19.984,22.828,22.18,22.137
2023-09-27,12.559,12.632,40.812,24.133,22.6,19.049,64.141,26.412,20.8,23.779,22.271,22.137
2023-09-28,12.559,12.585,40.897,23.982,22.5,18.809,64.363,26.154,19.984,24.54,21.818,21.797
2023-09-29,12.44,12.772,40.374,23.831,23.425,18.713,63.404,26.08,20.474,24.603,22.18,22.052
2023-10-02,13.033,12.913,40.983,24.133,23.45,19.577,63.92,26.67,20.474,24.889,22.542,21.712
2023-10-03,12.796,12.492,39.895,23.429,22.25,18.233,61.782,25.121,19.046,23.557,21.909,20.86
2023-10-04,13.072,12.585,41.244,23.68,23.05,18.713,62.446,25.674,19.087,24.033,21.909,21.499
2023-10-05,13.033,12.913,43.68,23.957,22.8,19.001,63.847,26.264,17.782,24.033,21.864,21.243
2023-10-06,13.27,13.006,44.376,24.409,22.975,19.385,65.321,26.892,18.19,24.794,21.909,20.435
2023-10-09,13.546,12.913,44.376,24.359,22.6,19.577,65.321,27.371,18.883,25.713,22.316,20.945
2023-10-10,13.27,13.1,44.202,24.384,22.45,19.241,66.501,27.703,18.72,25.364,22.814,21.116
2023-10-11,13.783,13.1,45.682,24.887,22.725,19.864,68.934,28.773,19.087,25.776,22.769,21.031
2023-10-12,13.862,13.053,45.943,24.837,23.25,20.008,67.828,28.699,19.413,25.428,22.497,21.158
2023-10-13,13.783,12.913,46.987,25.54,23.05,20.536,67.902,29.474,19.332,25.84,22.497,21.073
2023-10-16,13.27,12.772,46.117,25.691,22.5,20.584,65.69,28.773,19.128,24.984,22.135,20.435
2023-10-17,12.401,12.632,42.941,24.635,22.0,19.385,65.69,26.781,17.823,23.272,22.135,20.435
2023-10-18,11.848,11.977,42.941,24.082,21.9,19.193,63.404,27.961,16.599,22.225,21.049,20.051
2023-10-19,11.453,11.416,41.853,23.529,21.6,19.193,62.52,27.002,15.539,22.067,20.732,19.668
2023-10-20,11.848,11.603,43.506,23.932,21.675,19.673,62.667,28.183,16.599,22.416,20.822,19.328
2023-10-23,11.65,11.369,43.028,23.555,21.7,18.953,61.856,27.592,16.355,21.623,20.687,19.413
2023-10-24,12.085,11.416,44.028,24.158,21.725,19.625,62.814,28.625,17.374,21.528,21.366,19.541
2023-10-25,11.848,11.462,44.028,24.334,22.35,19.673,63.92,28.035,17.129,21.655,21.23,19.583
2023-10-26,11.019,10.667,41.07,22.75,20.8,18.329,60.455,26.56,16.151,20.165,20.324,18.476
2023-10-27,11.058,10.761,42.549,22.549,20.8,18.521,61.119,27.113,17.252,20.165,20.822,18.604
2023-10-30,10.308,10.62,39.591,22.122,20.75,17.273,59.939,25.232,16.518,19.023,20.822,18.561
2023-10-31,10.031,10.433,36.85,21.016,20.25,16.218,57.875,23.498,16.477,17.692,20.506,17.88
2023-11-01,10.663,10.386,38.112,21.644,20.2,16.602,59.349,24.199,16.803,18.357,20.687,17.795
2023-11-02,11.374,11.041,40.722,22.624,20.725,17.753,63.036,25.527,17.945,19.626,21.366,18.05
2023-11-03,11.453,10.995,40.417,22.524,20.8,17.753,64.879,25.268,18.19,19.594,21.23,18.178
2023-11-06,11.453,11.229,40.461,22.474,21.05,17.753,65.542,25.453,18.598,19.847,21.547,18.434
2023-11-07,11.334,11.131,40.983,22.448,21.025,17.705,67.091,25.748,18.231,20.196,21.592,18.434
2023-11-08,12.124,11.809,43.332,23.328,21.5,18.905,69.302,27.519,19.495,21.401,22.09,18.732
2023-11-09,12.085,11.857,43.506,23.605,22.7,18.905,69.302,28.035,19.984,21.274,22.09,18.732
2023-11-10,12.006,11.906,43.68,23.228,22.475,18.569,70.261,27.74,19.903,20.957,22.769,19.2
2023-11-13,12.164,11.906,43.941,23.177,22.4,18.665,71.514,27.666,20.392,21.179,22.271,19.2
2023-11-14,12.203,11.857,44.028,23.353,22.475,18.905,70.482,28.035,20.188,21.591,22.588,18.859
2023-11-15,12.124,11.954,43.767,23.605,22.7,19.049,70.998,28.035,20.27,21.496,22.633,18.945
2023-11-16,12.322,11.954,44.812,23.68,22.55,19.244,70.04,28.478,21.289,21.813,22.588,18.945
2023-11-17,12.045,11.712,44.202,23.379,21.1,18.999,70.777,29.068,20.882,21.243,22.18,18.561
2023-11-20,12.006,11.567,45.856,23.68,21.35,19.537,71.093,31.097,21.208,21.496,22.316,18.434
2023-11-21,12.203,11.567,45.508,23.655,21.3,19.585,74.256,31.355,21.167,21.782,22.452,18.476
2023-11-22,12.322,11.664,46.378,23.705,21.0,19.683,73.149,32.056,21.697,22.384,22.588,18.987
2023-11-23,11.532,11.519,44.202,23.529,20.65,18.853,68.087,29.843,20.188,21.243,22.226,18.391
2023-11-24,11.808,11.422,45.247,23.353,20.675,19.097,70.381,31.908,20.392,21.528,22.045,18.732
2023-11-27,11.571,11.277,45.334,23.228,20.925,18.853,69.116,31.945,19.699,21.972,21.547,18.604
2023-11-28,12.061,11.277,45.334,23.303,21.2,19.146,68.325,31.945,19.984,22.828,21.909,18.476
2023-11-29,12.145,11.47,45.943,23.529,21.275,19.39,69.116,31.613,20.433,22.891,21.818,19.115
2023-11-30,11.934,11.809,47.422,23.705,20.875,19.537,68.641,31.798,20.148,22.511,21.773,19.37
2023-12-01,12.356,11.857,48.031,23.806,21.05,19.683,68.957,32.019,20.474,22.986,21.637,19.498
2023-12-04,13.073,12.293,49.945,24.233,21.475,20.123,72.832,33.163,21.657,23.684,21.999,20.349
2023-12-05,12.904,12.39,49.423,24.334,21.4,20.123,71.883,32.794,21.616,23.43,22.542,20.137
2023-12-06,13.326,12.341,49.249,24.334,21.4,20.318,72.516,32.572,22.228,23.779,22.542,20.222
2023-12-07,13.242,12.099,47.596,24.284,21.4,19.732,72.041,31.872,21.575,23.335,22.452,20.264
2023-12-08,13.199,12.003,48.553,24.158,21.475,19.585,72.753,31.724,21.82,22.891,22.497,20.222
2023-12-11,13.115,12.099,48.031,24.208,22.025,19.878,72.2,32.056,21.493,22.891,22.407,20.222
2023-12-12,13.031,12.051,48.292,24.183,22.125,19.878,72.279,32.093,21.493,22.955,22.316,20.137
2023-12-13,12.904,11.761,46.9,23.831,21.95,19.488,71.567,31.208,21.045,23.05,21.999,20.094
2023-12-14,12.693,11.712,46.552,23.831,21.9,19.39,71.172,30.949,20.474,22.701,21.818,20.051
2023-12-15,12.736,11.664,46.03,23.781,21.85,19.439,70.46,30.912,20.555,22.574,21.818,19.753
2023-12-18,12.693,11.567,44.986,23.73,21.6,18.999,69.748,31.208,20.759,22.13,21.592,19.966
2023-12-19,12.862,11.615,45.769,23.881,21.6,19.146,69.827,31.65,21.086,22.764,21.366,19.966
2023-12-20,12.862,11.615,46.552,23.957,21.625,19.292,73.07,31.65,21.045,23.589,21.411,20.222
2023-12-21,12.946,11.615,46.465,23.932,21.6,19.439,73.939,31.503,21.33,23.747,21.456,20.307
2023-12-22,12.736,11.615,46.378,23.881,21.575,19.781,79.08,32.24,21.045,23.716,21.23,20.264
2023-12-25,12.82,11.712,47.335,23.906,21.7,19.732,83.35,32.462,21.697,24.635,21.637,20.307
2023-12-26,13.115,11.712,47.509,24.485,21.775,19.83,83.666,33.273,21.82,24.35,21.637,20.349
2023-12-27,13.031,11.712,46.639,24.887,21.8,19.781,83.824,32.904,21.657,23.937,21.32,20.435
2023-12-28,12.989,11.615,47.422,24.837,22.225,19.83,83.982,32.499,21.779,23.937,21.728,20.546
2023-12-29,13.031,11.615,47.77,24.987,22.3,20.709,82.48,32.904,21.82,23.842,22.18,20.546
2024-01-02,13.157,11.615,45.943,24.736,22.0,20.465,86.197,31.724,21.208,24.128,22.271,20.812
2024-01-03,13.663,12.003,46.465,25.138,22.075,21.1,84.615,31.54,21.453,24.476,22.452,21.078
2024-01-04,13.452,12.003,45.682,24.987,22.075,20.904,82.559,31.872,21.616,24.413,22.497,21.211
2024-01-05,13.579,12.051,45.247,25.013,22.05,21.295,81.926,32.889,22.146,24.286,22.271,21.211
2024-01-08,13.579,12.39,45.595,24.887,22.175,21.002,83.824,32.8,22.635,24.033,22.361,20.856
2024-01-09,13.41,12.341,46.204,24.912,21.95,20.904,82.954,32.845,22.35,24.54,22.361,20.635
2024-01-10,13.157,12.39,45.508,24.786,21.8,21.1,82.401,31.991,21.86,24.92,22.724,20.724
2024-01-11,13.242,12.293,45.856,24.912,21.825,20.709,84.299,31.946,22.064,24.762,23.538,20.635
2024-01-12,12.989,12.148,44.899,24.183,21.5,19.927,84.062,31.542,21.493,24.35,23.403,20.635
2024-01-15,12.904,11.906,43.506,24.133,21.525,20.074,84.694,31.182,21.412,24.35,23.221,20.724
2024-01-16,13.073,12.051,44.376,24.334,21.575,20.465,85.406,32.26,21.86,24.572,23.493,20.635
2024-01-17,12.989,12.051,45.247,24.384,21.6,20.709,86.197,32.305,21.901,24.603,23.493,20.679
2024-01-18,13.157,12.245,44.899,24.384,21.675,20.611,86.118,32.665,22.024,24.572,23.267,20.679
2024-01-19,13.073,12.196,44.899,24.61,21.65,20.806,85.406,33.563,21.697,24.35,23.357,20.458
2024-01-22,13.073,12.245,44.899,24.56,21.65,20.562,89.597,33.069,22.146,24.381,23.448,20.281
2024-01-23,13.242,12.341,44.376,24.384,21.55,20.416,88.569,32.934,21.901,24.572,23.403,20.281
2024-01-24,13.115,12.293,43.941,24.233,21.575,20.416,86.039,32.8,21.901,24.54,23.086,20.192
2024-01-25,13.073,12.196,43.854,24.208,21.4,20.416,82.559,32.8,21.901,24.381,22.905,20.192
2024-01-26,13.073,12.293,44.812,24.485,21.4,20.953,83.034,34.597,21.983,24.255,23.04,20.281
2024-01-29,12.989,12.341,44.986,25.088,21.325,21.979,82.005,34.597,21.779,24.286,22.905,20.236
2024-01-30,13.199,12.39,46.378,25.892,21.35,22.418,82.085,35.675,21.983,24.096,23.674,19.838
2024-01-31,12.989,12.148,45.508,25.742,21.25,21.881,81.61,35.046,22.105,23.589,23.267,19.705
2024-02-01,12.989,12.148,47.422,27.149,21.175,23.395,84.694,37.472,22.35,23.811,23.267,19.882
2024-02-02,12.989,12.148,46.813,26.948,21.05,24.03,84.062,37.562,22.554,24.286,23.04,19.927
2024-02-05,13.073,12.341,46.117,26.747,21.1,24.47,85.406,37.562,22.472,25.174,22.905,19.838
2024-02-06,13.073,12.341,45.856,26.747,21.15,24.616,84.141,38.236,22.472,25.618,22.995,19.882
2024-02-07,13.115,12.729,45.856,26.948,21.2,24.763,83.824,38.057,22.268,25.84,23.04,19.971
2024-02-15,13.495,12.68,45.334,27.149,21.275,24.372,82.243,37.203,22.595,25.491,23.267,19.971
2024-02-16,13.41,12.729,46.117,27.803,21.975,26.033,82.638,37.697,22.717,26.284,23.357,19.971
2024-02-19,13.368,13.019,46.03,28.255,23.5,26.179,82.005,37.517,22.513,26.189,24.082,20.015
2024-02-20,13.284,13.164,46.03,28.155,24.25,27.547,82.243,37.203,22.431,26.22,24.082,20.236
2024-02-21,13.157,13.067,49.075,28.356,23.625,27.498,83.113,37.742,22.187,26.157,23.81,20.192
2024-02-22,13.157,12.874,48.205,28.356,23.8,27.302,86.988,38.146,22.024,26.189,23.629,20.192
2024-02-23,12.82,12.68,46.117,27.702,22.6,26.912,91.337,37.023,21.33,25.681,23.176,20.104
2024-02-26,12.989,12.68,46.813,28.004,22.3,28.133,94.105,37.607,21.575,27.076,23.221,19.838
2024-02-27,13.157,12.97,47.857,28.356,22.575,28.23,92.602,39.449,22.309,27.076,23.403,20.015
2024-02-28,13.073,12.97,46.726,28.557,22.8,28.23,89.755,38.775,22.024,27.076,23.448,19.927
2024-02-29,12.946,12.825,48.205,28.004,22.5,27.937,92.523,38.775,22.268,26.601,23.221,20.148
2024-03-01,13.242,12.874,48.292,28.356,22.625,28.475,90.941,39.135,22.472,27.203,23.538,19.749
2024-03-04,13.199,12.97,49.336,28.406,22.625,29.11,90.151,39.27,22.921,26.949,23.629,19.749
2024-03-05,13.242,12.825,48.727,28.155,22.65,29.012,91.732,39.27,22.717,27.203,23.946,19.838
2024-03-06,13.031,12.729,47.248,27.753,22.65,28.23,90.23,38.551,22.146,26.664,23.629,19.705
2024-03-07,13.031,12.825,47.857,27.702,22.8,28.426,92.207,38.416,22.309,26.696,23.719,19.661
2024-03-08,12.82,12.68,47.161,28.255,22.4,28.328,89.36,38.73,21.657,26.854,23.765,19.395
2024-03-11,12.778,12.632,47.335,29.563,22.175,28.865,89.044,38.82,21.371,26.791,23.493,19.307
2024-03-12,12.736,12.632,48.031,30.317,22.075,30.868,91.732,40.348,21.493,27.679,23.357,19.395
2024-03-13,12.904,12.825,51.337,30.166,22.5,31.552,91.811,40.707,22.024,28.027,23.448,19.439
2024-03-14,12.82,13.164,51.512,29.613,22.975,32.04,90.309,40.438,22.431,28.535,23.401,19.439
2024-03-15,12.82,13.358,52.121,30.819,22.2,33.798,89.913,40.438,23.247,28.027,23.354,19.484
2024-03-18,12.693,12.922,50.293,30.417,23.05,31.796,86.276,37.922,24.838,26.759,22.749,19.484
2024-03-19,12.693,12.922,49.597,32.428,23.5,31.796,86.988,38.146,24.389,26.759,23.028,19.484
2024-03-20,12.778,12.97,50.815,32.177,23.25,32.04,87.462,38.775,24.797,27.203,23.028,19.484
2024-03-21,13.073,13.067,51.337,32.127,23.25,32.48,88.016,39.09,25.857,27.33,22.61,19.484
2024-03-22,13.073,13.019,50.815,32.177,23.3,32.48,87.857,38.91,26.061,27.267,22.842,19.395
2024-03-25,13.115,13.164,49.771,31.423,23.425,31.161,86.197,38.236,26.102,26.918,22.842,18.997
2024-03-26,13.115,13.067,51.25,32.227,23.525,33.115,85.801,38.955,26.061,27.108,22.935,18.952
2024-03-27,13.242,13.116,51.163,32.227,23.525,32.626,88.885,38.865,26.714,27.615,23.401,19.041
2024-03-28,13.115,13.116,51.686,31.976,23.8,32.284,89.36,38.686,26.673,27.615,23.354,19.041
2024-03-29,12.989,12.922,50.815,32.127,23.825,32.382,86.988,39.539,26.265,27.203,23.122,19.085
2024-04-01,13.031,12.874,51.076,31.926,23.925,32.187,88.727,39.315,27.326,27.076,22.703,19.218
2024-04-02,13.115,13.116,51.076,32.378,23.9,34.433,91.495,39.809,27.407,27.52,23.028,19.262
2024-04-03,13.242,13.019,50.467,32.076,23.875,33.456,90.546,39.764,25.939,27.393,22.796,19.174
2024-04-04,13.031,12.825,49.51,31.473,23.925,32.333,91.653,38.955,26.265,27.013,21.958,19.041
2024-04-05,12.778,12.583,48.727,30.417,23.9,30.77,88.569,36.978,26.102,26.315,21.447,18.997
2024-04-08,12.693,12.39,48.118,30.065,23.85,30.966,88.332,36.035,26.184,25.935,20.795,18.952
2024-04-09,12.82,12.293,48.988,30.317,23.85,31.552,90.151,37.023,26.877,26.284,21.214,18.775
2024-04-10,12.693,12.148,48.727,29.864,24.25,30.917,89.202,36.754,26.347,26.093,21.168,18.377
2024-04-11,12.651,12.148,48.727,29.613,24.15,31.161,88.964,36.394,26.918,25.998,20.981,18.377
2024-04-12,12.736,12.196,49.336,30.166,24.225,31.259,95.133,37.023,27.407,26.41,21.121,18.377
2024-04-15,11.85,11.664,45.943,28.155,23.5,29.11,92.523,34.462,25.49,24.572,20.47,18.244
2024-04-16,11.344,11.422,44.986,28.155,23.2,29.647,92.444,34.597,24.552,24.255,20.098,18.2
2024-04-17,11.091,11.277,44.551,27.3,22.5,27.986,89.518,35.226,23.492,24.318,20.144,18.111
2024-04-19,10.543,10.938,42.81,27.702,21.3,27.449,83.271,35.271,22.35,24.128,19.586,17.934
2024-04-22,10.711,10.841,43.419,27.25,21.0,28.035,83.824,35.495,22.921,25.079,20.005,17.535
2024-04-23,10.332,10.696,42.723,26.848,20.5,26.961,84.615,35.495,21.86,25.142,19.725,17.535
2024-04-24,10.754,11.035,44.202,28.155,20.8,28.816,86.908,36.739,23.369,25.871,20.051,17.712
2024-04-25,10.669,10.841,44.202,28.658,21.0,28.719,86.197,36.878,23.084,25.871,19.818,17.668
2024-04-26,10.669,10.889,44.202,28.406,22.225,29.305,86.197,37.062,22.676,26.125,19.911,17.712
2024-05-02,10.88,10.696,45.16,29.16,22.2,29.305,88.095,37.8,21.901,25.713,20.842,17.757
2024-05-03,10.796,10.599,44.725,29.06,22.225,28.719,91.732,37.708,21.901,25.428,20.842,17.757
2024-05-06,11.133,11.131,45.769,29.462,22.375,30.477,91.732,38.399,22.921,26.949,20.749,17.712
2024-05-07,11.049,11.761,46.465,29.814,22.5,30.721,92.523,38.814,22.717,26.886,20.702,18.111
2024-05-08,10.838,11.519,46.378,29.613,22.7,30.966,91.179,38.722,23.329,26.981,20.702,18.155
2024-05-09,10.838,11.47,47.161,29.613,22.7,31.014,91.732,38.583,22.921,27.235,20.563,18.864
2024-05-10,10.796,11.615,46.291,29.864,22.5,30.917,91.732,38.491,23.329,26.823,20.423,18.775
2024-05-13,10.754,11.567,46.465,29.412,22.5,31.259,92.839,38.445,23.247,26.379,20.563,18.731
2024-05-14,10.711,11.567,46.9,30.266,23.025,31.747,91.97,39.644,23.125,26.157,20.516,18.642
2024-05-15,10.88,11.519,47.509,30.468,23.175,31.991,94.105,39.69,23.247,26.537,20.377,18.687
2024-05-16,11.049,11.615,47.422,30.669,23.375,31.796,94.184,39.459,23.41,26.569,20.888,18.377
2024-05-17,11.091,11.615,47.857,30.367,23.425,32.577,94.015,39.874,23.859,27.33,20.795,18.554
2024-05-20,11.302,11.712,47.857,30.166,23.35,32.821,92.848,40.289,23.696,27.901,20.795,18.554
2024-05-21,11.175,11.615,47.335,30.568,23.225,32.577,91.348,40.105,23.573,27.996,20.656,18.244
2024-05-22,11.175,11.809,47.335,30.065,22.75,32.04,91.348,39.044,23.9,27.362,20.609,18.465
2024-05-23,11.26,11.761,48.64,30.216,22.775,32.626,93.349,39.551,23.818,27.045,21.586,18.465
2024-05-24,10.964,11.519,47.161,30.266,22.475,33.456,91.515,38.998,22.676,26.22,21.028,18.465
2024-05-27,10.88,11.567,47.335,31.071,22.525,34.433,91.682,39.137,22.309,26.474,21.586,19.749
2024-05-28,11.007,11.809,49.249,31.272,22.525,34.775,92.515,41.856,22.717,26.632,21.586,19.882
2024-05-29,11.049,11.906,48.379,30.769,22.2,34.091,90.931,41.119,22.798,26.823,21.075,19.838
2024-05-30,11.133,11.857,47.857,31.272,21.575,35.166,90.681,40.105,22.513,26.791,21.772,19.838
2024-05-31,11.133,11.761,47.77,31.222,21.775,34.336,90.098,39.183,22.635,27.045,21.447,19.395
2024-06-03,11.26,11.761,48.814,31.724,21.975,34.189,90.265,39.459,23.288,27.14,21.958,20.059
2024-06-04,11.133,11.809,48.118,31.423,22.05,34.287,92.098,39.459,23.084,27.203,21.772,20.369
2024-06-05,11.26,11.567,48.118,31.423,22.1,34.336,93.349,39.459,22.88,26.823,21.214,20.325
2024-06-06,11.47,11.615,47.422,30.92,21.85,33.994,92.015,38.952,22.635,27.045,21.307,20.104
2024-06-07,11.428,11.519,47.683,31.272,21.75,34.189,90.848,38.86,22.554,28.059,21.54,20.281
2024-06-10,11.26,11.567,48.292,32.177,21.725,35.361,90.681,39.137,22.676,29.993,21.493,20.104
2024-06-11,11.133,11.519,49.162,31.674,21.6,34.775,90.265,39.367,22.431,30.786,21.307,19.838
2024-06-12,11.217,11.519,49.249,31.373,21.65,34.922,89.515,39.644,22.635,30.849,21.354,20.192
2024-06-13,11.175,11.567,48.553,31.373,21.6,34.531,89.181,39.782,23.002,31.071,21.307,20.281
2024-06-14,11.091,12.341,47.422,30.669,21.0,32.235,89.181,38.722,22.35,30.437,20.609,20.281
2024-06-17,10.922,12.293,47.422,29.864,21.0,32.577,88.181,38.537,22.024,31.832,20.888,20.281
2024-06-18,10.964,12.535,47.683,30.618,21.05,33.163,89.181,38.583,22.024,31.261,21.214,20.989
2024-06-19,10.922,12.39,47.509,30.518,20.75,32.821,90.431,38.537,21.901,31.42,20.935,20.989
2024-06-20,10.754,12.632,47.335,30.518,20.725,33.212,91.515,38.952,21.657,30.849,20.842,22.451
2024-06-21,10.627,12.825,46.639,30.618,20.825,33.749,89.598,39.551,21.33,31.647,20.749,23.026
2024-06-24,10.585,12.583,46.204,29.663,20.55,32.235,87.598,36.878,21.657,30.152,20.191,22.141
2024-06-25,10.669,12.583,45.943,29.663,20.6,32.821,87.264,36.739,21.82,32.23,20.47,22.716
2024-06-26,10.543,12.535,45.421,30.468,20.6,35.117,87.098,36.693,21.493,32.814,20.47,22.672
2024-06-27,10.585,12.438,46.03,30.518,20.5,35.166,85.847,37.247,22.228,32.376,20.47,22.273
2024-06-28,10.29,12.39,45.334,30.468,20.6,33.408,83.347,35.725,21.657,32.996,20.191,21.476
2024-07-01,10.374,12.583,45.682,30.417,20.675,33.505,82.513,35.956,21.942,33.105,20.423,20.901
2024-07-02,10.416,12.487,45.943,30.669,20.8,33.798,82.097,37.339,22.513,32.814,20.47,21.388
2024-07-03,10.627,12.487,45.769,31.071,20.675,33.798,84.18,37.016,22.35,32.449,20.47,21.432
2024-07-04,10.585,12.487,45.682,31.021,20.7,34.189,83.514,36.739,22.105,32.704,20.47,21.831
2024-07-05,10.543,12.487,45.508,30.87,20.7,34.287,82.68,36.325,21.901,33.324,20.423,21.919
2024-07-08,10.627,13.067,45.943,31.523,20.2,35.654,81.68,37.708,21.493,33.725,20.33,22.096
2024-07-09,10.711,13.164,46.465,32.227,20.4,37.12,81.93,37.708,21.616,33.397,20.749,21.963
2024-07-10,10.711,13.019,46.291,31.473,20.3,36.143,81.68,37.2,21.575,32.741,20.609,21.831
2024-07-11,10.669,13.067,46.03,30.669,20.55,36.094,81.18,37.2,22.064,32.449,20.423,21.742
2024-07-12,10.585,13.648,45.769,30.819,20.875,37.022,81.263,36.924,21.779,32.704,20.423,21.653
2024-07-15,10.501,13.696,45.595,31.071,20.675,37.608,80.18,36.647,21.657,32.923,20.47,21.521
2024-07-16,10.501,13.745,45.508,31.071,20.525,37.315,80.346,36.647,21.453,32.34,20.284,21.609
2024-07-17,10.374,13.648,44.463,29.361,20.3,34.726,82.18,35.633,19.984,30.991,19.725,20.856
2024-07-18,10.374,13.454,44.725,29.915,20.275,35.215,82.513,36.14,20.148,32.048,19.632,20.989
2024-07-19,10.361,13.358,44.725,29.211,20.375,33.701,81.097,35.633,19.413,31.355,19.353,20.856
2024-07-22,10.228,13.164,43.158,28.959,20.375,31.991,80.43,34.481,19.577,30.663,19.028,20.015
2024-07-23,10.007,12.583,42.462,28.456,20.425,29.891,78.013,33.743,19.006,30.626,18.841,19.838
2024-07-24,10.051,12.39,42.723,28.507,20.45,31.942,78.096,34.757,19.944,30.845,18.841,20.015
2024-07-25,9.918,12.487,42.984,28.205,20.8,32.235,77.679,34.711,19.821,31.355,18.609,20.281
2024-07-26,10.051,12.68,42.506,28.959,20.8,32.333,78.679,35.495,19.821,31.428,19.074,20.369
2024-07-29,10.007,12.583,40.809,29.311,20.8,32.724,80.096,35.771,19.984,31.61,18.702,20.325
2024-07-30,9.874,12.632,41.026,28.808,21.1,32.48,79.763,35.31,19.821,31.61,18.609,20.236
2024-07-31,9.963,12.39,39.373,28.708,21.15,32.235,80.68,35.449,19.944,30.954,18.609,19.794
2024-08-01,9.608,11.857,37.589,27.25,21.05,30.672,79.846,33.743,19.046,28.803,18.004,19.838
2024-08-02,9.52,11.712,38.068,27.903,21.0,31.6,79.846,33.881,19.495,28.803,18.516,20.015
2024-08-05,8.856,11.083,35.414,26.998,20.65,29.403,75.846,31.53,18.394,27.563,18.004,19.395
2024-08-06,8.944,11.47,34.718,27.753,20.65,30.624,77.513,32.222,18.598,28.366,18.19,19.572
2024-08-07,8.9,11.422,35.24,27.652,21.175,31.796,77.429,32.545,18.761,28.803,18.469,19.617
2024-08-08,9.52,11.519,34.196,27.501,20.9,31.161,77.429,32.452,18.679,28.84,18.283,19.617
2024-08-09,9.653,11.615,35.588,28.054,20.6,31.747,78.096,32.867,18.883,29.277,18.469,19.129
2024-08-12,10.051,11.567,36.545,28.004,20.3,32.431,80.847,33.144,18.19,29.824,18.702,19.617
2024-08-13,10.007,11.325,36.11,27.954,20.35,32.333,80.596,33.19,18.271,29.642,18.051,19.617
2024-08-14,9.874,11.422,35.675,27.903,20.4,32.626,79.93,32.913,18.108,29.313,17.678,19.439
2024-08-15,10.228,11.131,35.066,27.853,20.4,31.893,80.68,32.913,18.108,29.168,17.678,19.129
2024-08-16,10.494,11.422,37.502,29.06,20.575,33.749,84.597,34.849,19.373,30.261,18.051,19.528
2024-08-19,10.361,11.954,38.721,28.859,20.575,33.945,84.764,34.988,19.332,30.59,18.516,19.528
2024-08-20,10.671,11.954,39.156,28.859,20.85,34.287,85.514,35.449,20.433,30.626,18.469,19.041
2024-08-21,10.76,11.954,39.547,28.959,20.925,34.433,86.181,35.218,20.025,30.407,19.028,19.395
2024-08-22,10.583,11.519,38.721,28.808,20.775,33.994,89.181,35.034,20.107,30.553,18.748,19.395
2024-08-23,10.627,11.422,38.634,28.507,20.775,34.629,87.681,35.034,20.515,30.517,18.795,19.129
2024-08-26,10.583,11.615,38.764,28.255,21.075,34.238,87.098,34.665,20.474,30.48,18.609,19.129
2024-08-27,10.494,11.761,38.895,28.507,22.55,34.14,87.348,34.389,20.433,30.079,18.516,18.952
2024-08-28,10.405,12.003,39.069,29.261,22.2,34.824,86.681,34.296,19.617,29.97,18.33,19.129
2024-08-29,10.361,11.857,38.721,29.663,22.1,34.482,85.931,34.112,19.454,29.933,18.469,19.218
2024-08-30,10.405,11.809,38.46,29.915,22.1,34.531,86.681,34.204,18.924,30.079,18.33,18.997
2024-09-04,11.025,11.664,37.546,29.512,22.0,33.896,86.514,34.066,19.046,29.97,18.748,19.262
2024-09-05,10.76,11.519,36.98,28.658,22.525,33.115,85.014,33.928,18.638,29.605,18.562,18.997
2024-09-06,10.892,11.567,37.111,28.708,22.325,33.701,86.597,33.467,18.312,29.022,18.469,19.129
2024-09-09,10.715,11.519,36.502,29.311,21.85,33.701,85.514,33.144,18.312,28.949,18.516,19.129
2024-09-10,10.45,11.519,35.675,29.01,21.5,33.31,89.014,32.775,18.353,28.876,18.516,19.129
2024-09-11,10.405,11.567,36.197,29.06,21.5,33.31,90.681,32.499,17.864,28.438,18.562,19.174
2024-09-12,10.405,11.615,35.98,29.16,21.45,33.749,90.848,32.637,17.7,28.438,18.516,19.218
2024-09-13,10.494,11.519,36.589,29.11,21.45,33.798,93.265,32.775,17.945,28.621,18.33,19.484
2024-09-16,10.273,11.519,36.545,29.11,21.025,34.091,95.932,32.683,17.864,28.438,18.33,19.351
2024-09-17,10.627,11.567,36.937,29.261,21.45,34.775,96.432,33.282,18.353,28.657,18.562,19.351
2024-09-18,10.538,11.567,36.719,29.814,21.325,34.726,94.765,33.42,18.475,28.876,18.748,19.262
2024-09-19,10.76,11.712,38.025,29.814,21.45,34.873,101.35,34.112,18.679,29.095,18.609,19.041
2024-09-20,10.671,11.615,37.633,29.462,21.15,34.775,102.183,33.928,18.557,29.241,18.562,18.864
2024-09-23,10.715,11.664,37.633,29.663,21.175,34.726,106.601,33.651,18.435,29.313,18.423,18.864
2024-09-24,10.76,11.664,38.46,30.266,21.275,35.312,103.767,34.757,18.557,29.496,18.423,18.908
2024-09-25,10.848,11.712,38.46,30.166,21.3,35.166,102.933,34.803,18.802,29.715,18.562,18.819
2024-09-26,10.715,11.712,38.242,30.367,21.3,35.557,106.101,34.481,18.802,30.152,18.516,18.864
2024-09-27,10.715,11.615,38.199,29.965,21.25,35.166,102.767,34.389,18.924,29.97,18.423,18.687
2024-09-30,10.76,11.615,37.938,30.166,21.0,34.922,98.849,34.711,18.924,29.642,18.423,18.775
2024-10-01,11.07,11.664,38.416,30.166,21.15,35.166,97.516,34.711,18.679,30.079,18.469,18.775
2024-10-02,10.804,11.519,37.851,30.216,21.025,35.312,96.266,34.25,18.271,30.116,18.423,18.952
2024-10-03,10.583,11.422,37.72,29.512,20.675,34.726,96.849,33.282,17.864,29.751,18.283,18.952
2024-10-04,10.538,11.519,37.72,29.261,20.5,34.091,96.516,33.282,17.741,29.204,18.283,18.51
2024-10-07,10.45,11.519,37.415,29.11,20.425,33.994,94.765,33.374,17.7,29.459,18.283,18.51
2024-10-08,10.538,11.373,37.198,29.311,20.45,34.238,101.35,33.467,17.374,30.225,18.19,18.598
2024-10-09,10.671,11.373,38.025,29.512,20.8,34.824,101.35,34.619,17.456,30.699,18.283,18.421
2024-10-10,10.583,11.228,38.286,29.261,20.7,34.824,99.933,34.389,17.415,30.59,18.237,18.731
2024-10-11,10.627,11.277,38.329,29.512,20.9,34.677,102.433,34.896,17.537,31.574,18.283,18.642
2024-10-14,10.848,11.131,37.764,30.116,21.075,35.459,101.683,34.988,17.333,31.282,18.283,18.244
2024-10-15,10.671,11.083,37.198,29.663,20.825,34.922,101.683,34.342,16.599,30.845,18.283,18.2
2024-10-16,10.583,11.131,37.285,29.16,20.75,35.264,104.1,34.803,16.314,31.027,18.097,18.598
2024-10-17,10.627,11.131,37.198,29.11,20.775,35.166,108.351,34.711,17.17,31.319,18.051,18.642
2024-10-18,10.538,11.035,37.198,29.11,20.9,35.019,107.017,35.956,16.64,30.808,18.051,18.598
2024-10-21,10.45,11.18,37.286,28.456,21.125,34.384,110.435,35.771,16.518,30.261,17.818,18.332
2024-10-22,10.361,11.422,36.659,27.954,21.1,32.968,107.601,35.403,16.518,30.444,17.818,18.067
2024-10-23,10.45,11.422,36.883,28.255,21.6,32.724,111.268,35.864,17.089,30.699,17.958,17.978
2024-10-24,10.317,11.277,36.3,28.054,21.025,32.138,110.851,35.034,16.844,30.225,17.911,17.712
2024-10-25,10.273,11.131,36.3,27.803,20.775,31.503,110.685,35.357,17.17,30.663,17.725,18.067
2024-10-28,10.317,11.131,36.255,27.652,20.725,31.747,113.102,35.679,17.007,31.501,17.771,18.155
2024-10-29,10.317,11.228,36.748,28.004,20.675,32.187,113.268,35.771,16.722,31.683,17.865,18.465
2024-10-30,10.45,11.277,36.659,27.903,20.5,31.942,114.435,36.14,16.762,31.902,17.725,17.712
2024-10-31,10.361,11.277,36.569,28.658,20.775,32.138,112.102,35.91,16.762,32.012,17.678,17.535
2024-11-01,10.317,11.325,36.21,27.853,20.6,31.552,111.435,35.264,16.966,31.355,17.585,17.535
2024-11-04,9.874,11.277,35.583,27.501,20.6,30.819,108.351,35.31,17.089,31.683,17.353,17.624
2024-11-05,9.918,11.325,35.852,27.401,20.65,31.356,108.518,35.587,17.211,31.975,17.26,17.624
2024-11-06,10.14,11.47,38.362,28.406,20.9,32.968,110.018,38.076,17.17,32.449,17.585,17.624
2024-11-07,10.095,11.422,37.958,28.105,20.85,32.577,108.851,38.215,17.333,33.506,17.632,17.27
2024-11-08,10.007,11.373,38.182,28.105,20.525,32.138,110.018,39.275,17.007,33.397,17.539,17.181
2024-11-11,10.051,11.373,38.855,28.406,20.4,32.626,110.851,39.321,16.64,34.163,17.306,17.181
2024-11-12,10.095,11.422,38.362,28.306,20.275,32.138,110.435,38.537,16.599,34.053,17.632,17.004
2024-11-13,10.007,11.422,38.81,28.557,20.3,31.796,108.899,39.044,16.803,33.616,17.632,17.093
2024-11-14,9.741,11.373,38.81,28.255,20.35,31.056,107.592,38.076,16.436,35.001,17.306,17.048
2024-11-15,9.476,11.47,39.258,27.702,20.275,30.563,105.414,38.952,16.314,34.637,17.027,16.915
2024-11-18,9.52,11.422,38.182,27.803,20.2,30.711,103.323,38.353,16.232,34.418,17.771,16.96
2024-11-19,9.387,11.228,35.897,27.803,20.175,29.971,101.581,36.048,16.232,32.084,17.632,16.915
2024-11-20,9.564,11.228,36.659,27.803,20.175,30.366,104.195,36.509,16.926,33.324,17.771,16.827
2024-11-21,9.653,11.277,36.928,28.105,20.175,30.76,104.543,36.786,16.926,33.834,17.771,16.871
2024-11-22,9.741,11.18,36.883,28.758,20.225,30.464,104.107,36.647,16.722,33.834,17.771,16.871
2024-11-25,9.741,11.18,36.883,28.758,20.5,30.464,102.452,37.016,16.722,34.308,18.19,17.137
2024-11-26,9.786,11.18,37.555,28.658,20.525,30.859,104.804,37.569,16.803,34.637,18.144,17.225
2024-11-27,9.697,11.277,37.241,28.557,20.375,30.809,103.672,37.247,16.762,34.673,18.097,16.915
2024-11-28,9.697,11.228,37.152,28.406,20.35,30.908,107.679,37.293,16.599,34.746,18.051,17.181
2024-11-29,9.697,11.228,37.824,28.356,20.25,30.859,110.206,37.523,16.558,35.038,18.19,17.181
2024-12-02,10.051,11.422,38.541,28.607,20.175,31.007,108.899,38.307,16.558,35.22,18.004,17.137
2024-12-03,10.051,11.47,38.362,29.01,20.2,30.464,107.505,38.03,16.558,34.892,18.237,17.048
2024-12-04,9.83,11.422,38.182,28.658,20.0,29.922,110.816,37.984,16.477,36.46,18.283,16.915
2024-12-05,10.051,11.519,39.392,29.16,20.425,30.908,109.77,39.229,17.129,36.46,18.609,16.915
2024-12-06,10.007,11.615,38.989,29.361,20.925,31.598,110.293,39.505,17.007,36.314,18.423,16.827
2024-12-09,10.051,11.615,38.989,29.864,20.925,31.647,109.335,39.551,17.129,36.204,18.33,17.093
2024-12-10,10.051,11.712,39.079,29.713,20.6,31.302,109.77,40.012,17.129,36.168,18.19,17.048
2024-12-11,10.007,11.519,39.348,29.462,20.65,31.007,109.16,39.644,16.966,36.97,18.516,17.004
2024-12-12,10.007,11.519,39.885,29.563,20.45,31.204,110.467,39.229,16.926,36.387,18.562,17.048
2024-12-13,9.83,11.373,39.348,29.032,20.4,30.957,109.422,39.598,16.762,36.022,18.423,17.048
2024-12-16,9.83,11.277,39.975,28.926,20.35,30.76,108.028,39.874,16.436,36.059,18.423,17.048
2024-12-17,9.741,11.373,39.392,28.82,20.275,30.661,106.285,39.413,16.314,36.131,18.376,16.871
2024-12-18,9.786,11.373,39.392,28.714,20.3,30.908,108.028,39.644,16.232,35.986,18.423,16.871
2024-12-19,9.653,11.277,38.899,28.343,20.15,30.464,108.899,39.644,15.947,35.366,18.423,16.871
2024-12-20,9.653,11.277,39.168,28.502,20.25,30.464,108.899,39.367,15.498,35.949,18.562,16.871
2024-12-23,9.741,11.325,39.616,28.396,20.3,30.415,116.478,40.105,15.824,36.532,18.609,16.871
2024-12-24,9.697,11.325,40.244,28.396,20.3,30.267,117.785,40.105,15.661,37.043,19.214,16.827
2024-12-25,10.361,11.567,40.558,28.555,20.325,30.661,119.789,40.105,15.661,36.387,19.446,17.093
2024-12-26,10.317,11.519,39.885,28.555,20.325,30.464,116.391,39.644,15.661,35.767,19.446,18.288
2024-12-27,10.45,11.325,40.065,28.29,20.275,30.267,117.437,39.275,15.498,35.73,19.4,18.51
2024-12-30,10.45,11.325,40.468,27.973,20.275,30.119,115.607,38.445,15.417,35.84,19.26,18.067
2024-12-31,10.317,11.325,40.289,28.184,20.275,29.922,114.213,39.09,15.417,36.095,19.493,17.934
2025-01-02,10.361,11.47,42.126,28.079,20.275,30.07,115.956,39.183,15.743,36.059,19.539,17.934
2025-01-03,10.14,11.373,42.126,27.867,20.25,29.873,116.13,38.629,15.62,35.475,19.4,17.535
2025-01-06,10.273,11.47,42.126,27.496,20.25,28.985,114.126,38.076,15.294,35.512,19.214,17.093
2025-01-07,10.095,11.373,42.933,27.019,20.25,27.901,117.524,38.399,14.764,35.293,18.795,17.137
2025-01-08,10.228,11.422,43.022,27.443,20.25,28.246,119.353,38.814,15.009,36.095,19.446,17.004
2025-01-09,10.095,11.373,42.753,27.284,20.375,28.197,117.611,38.722,14.805,36.095,19.586,17.048
2025-01-10,10.228,11.373,42.664,26.489,20.25,27.605,113.255,37.8,14.601,36.095,19.4,17.093
2025-01-13,10.45,11.519,42.709,26.33,20.15,27.704,111.513,37.754,14.682,36.059,19.4,17.093
2025-01-14,10.45,11.422,44.188,26.701,20.1,27.359,108.028,37.615,14.601,36.095,19.4,16.96
2025-01-15,11.07,12.196,44.456,26.807,20.125,27.802,108.55,38.168,14.886,37.189,19.446,17.093
2025-01-16,11.158,12.196,43.829,26.913,20.225,28.049,110.467,38.168,14.968,37.408,19.307,17.358
2025-01-17,11.158,12.196,44.456,27.178,20.225,28.345,110.99,38.722,15.009,37.991,19.162,17.402
2025-01-20,10.981,12.293,43.47,27.284,20.2,28.295,108.899,38.998,15.009,37.189,19.308,17.358
2025-01-21,10.981,12.196,43.739,27.178,20.225,28.0,109.683,38.629,15.131,37.043,18.872,17.358
2025-01-22,10.892,11.954,43.381,26.913,20.2,27.605,109.073,38.952,14.968,36.095,18.824,17.137
2025-01-23,10.981,12.003,44.367,27.761,20.2,28.049,109.422,39.367,14.846,36.678,19.017,17.137
2025-01-24,10.848,12.099,44.546,27.549,20.2,28.394,110.467,38.998,14.438,36.241,18.969,17.181
2025-02-03,11.07,12.099,45.263,27.814,20.025,28.838,107.157,39.183,14.234,37.48,18.969,17.402
2025-02-04,11.291,12.196,45.622,27.761,20.05,29.084,108.028,40.289,14.438,37.772,19.066,17.491
2025-02-05,11.247,12.099,45.622,27.973,20.025,29.035,108.463,40.381,15.417,39.595,19.308,17.624
2025-02-06,11.247,12.099,45.711,27.814,20.225,28.788,107.766,40.105,15.335,39.449,19.259,17.58
2025-02-07,11.114,12.051,44.815,27.602,20.325,28.985,107.157,39.459,15.253,39.376,19.211,17.447
2025-02-10,11.114,11.857,44.546,27.178,20.0,28.394,103.672,39.413,14.968,37.991,18.92,17.358
2025-02-11,11.247,11.906,45.442,27.231,19.975,28.493,103.846,40.566,15.049,38.647,19.066,17.491
2025-02-12,11.512,12.148,45.711,27.284,19.95,28.345,104.02,40.197,14.927,38.647,19.356,17.447
2025-02-13,11.512,12.293,45.442,27.973,20.125,29.035,103.933,40.151,15.172,39.522,20.614,17.491
2025-02-14,11.424,12.196,45.891,28.82,20.125,29.922,103.323,39.505,15.049,39.376,20.421,17.358
2025-02-17,11.335,12.632,45.353,29.562,20.05,30.119,103.323,39.413,15.335,38.866,20.324,17.358
2025-02-18,11.335,12.487,45.711,30.039,20.1,30.415,102.539,39.644,15.702,38.428,20.324,17.668
2025-02-19,11.512,12.583,47.504,30.674,20.2,31.204,102.801,41.027,15.824,39.231,20.469,17.801
2025-02-20,11.38,12.535,47.145,32.635,20.475,31.894,104.02,40.566,15.661,39.158,20.082,17.712
2025-02-21,11.468,12.583,47.325,33.059,20.325,31.943,103.236,40.519,15.784,38.793,20.179,17.624
2025-02-24,11.424,12.583,47.414,34.648,20.3,31.992,103.933,41.027,15.784,38.21,20.082,17.712
2025-02-25,11.557,12.583,46.428,34.383,20.35,31.647,103.149,41.119,15.947,38.647,20.566,17.757
2025-02-26,11.424,12.487,47.145,34.224,20.5,32.14,105.501,42.225,15.784,38.574,20.179,17.757
2025-02-27,11.38,12.487,46.787,34.913,20.525,32.239,105.588,42.594,16.191,38.647,20.033,17.89
2025-02-28,11.202,12.39,46.697,35.019,20.6,32.929,104.107,42.041,16.232,38.793,20.033,17.801
2025-03-03,11.247,12.148,46.608,33.906,21.025,32.633,104.195,42.363,16.314,38.064,20.082,17.712
2025-03-04,11.424,12.196,46.249,34.966,20.975,33.028,105.066,42.317,16.273,37.991,19.937,17.668
2025-03-05,11.158,12.099,44.188,34.701,21.125,32.535,109.683,41.165,15.947,37.189,19.646,17.668
2025-03-06,11.335,12.148,45.442,34.383,21.175,33.521,109.683,42.179,16.314,36.97,19.501,17.624
2025-03-07,11.247,12.099,44.905,34.436,22.65,33.028,108.028,41.58,16.477,37.043,19.55,17.624
2025-03-10,11.512,12.196,44.994,34.171,23.65,32.83,106.373,41.764,16.436,37.48,19.501,17.58
2025-03-11,11.645,12.245,44.994,34.33,23.65,32.929,108.289,42.133,16.599,37.043,19.453,17.535
2025-03-12,11.468,12.196,46.787,34.012,24.05,32.338,106.808,42.363,16.436,37.043,19.308,17.668
2025-03-13,11.07,12.051,45.98,34.595,25.7,32.535,104.804,41.303,16.395,35.585,19.114,17.447
2025-03-14,11.07,11.761,45.622,33.8,26.1,32.83,103.672,41.303,16.844,34.965,18.92,17.668
2025-03-17,11.114,11.761,45.442,33.111,26.05,32.584,103.672,41.073,17.17,35.147,19.259,17.668
2025-03-18,11.07,11.712,46.07,33.006,25.65,32.929,104.717,40.842,17.007,35.475,19.404,17.712
2025-03-19,11.114,11.712,46.159,34.065,25.95,34.309,104.107,40.566,16.681,35.147,19.211,17.712
2025-03-20,11.114,11.761,46.608,33.8,25.75,34.014,104.107,40.796,16.599,36.387,19.211,17.535
2025-03-21,11.025,11.615,46.339,33.906,26.5,34.063,105.24,40.75,16.477,37.043,19.066,17.624
2025-03-24,10.937,11.664,45.622,34.171,28.35,33.668,104.543,40.704,16.273,36.97,19.066,17.624
2025-03-25,10.937,11.712,46.07,35.443,28.45,34.112,104.107,40.934,16.477,37.845,19.646,17.58
2025-03-26,10.981,11.761,45.173,35.548,28.5,34.014,103.759,40.658,16.069,38.283,19.356,17.668
2025-03-27,10.937,11.761,44.77,35.496,28.55,34.457,103.672,40.335,16.11,38.283,19.356,17.58
2025-03-28,10.715,11.712,43.47,36.025,29.0,34.309,107.505,38.583,16.151,38.501,19.453,17.58
2025-03-31,10.804,11.567,43.919,33.535,29.0,31.943,103.933,38.261,16.191,38.501,19.308,17.491
2025-04-01,10.848,11.615,44.143,32.847,29.85,31.401,106.721,38.215,16.232,38.574,19.308,17.358
2025-04-02,10.848,11.567,43.829,33.376,30.2,31.45,105.763,38.537,16.191,38.939,19.308,17.358
2025-04-03,10.095,10.793,40.782,31.045,28.1,29.281,98.445,35.864,15.09,36.241,18.001,16.65
2025-04-04,9.918,10.26,37.958,28.873,29.15,27.26,99.926,33.374,14.071,37.918,17.759,16.384
2025-04-08,9.254,9.544,35.314,26.86,27.55,25.387,92.956,31.07,13.092,35.293,16.549,15.277
2025-04-09,8.856,9.002,32.849,25.006,28.5,23.612,99.403,28.903,12.195,32.85,15.727,15.233
2025-04-10,9.476,9.631,35.135,26.754,30.45,25.239,106.285,30.885,13.01,35.147,16.791,16.295
2025-04-11,10.095,10.26,34.328,26.012,32.55,25.633,108.725,30.332,13.581,37.189,17.614,16.561
2025-04-14,10.317,10.357,36.703,25.959,34.8,25.831,108.725,30.516,13.377,39.376,17.711,17.004
2025-04-15,10.45,10.357,36.614,24.158,35.25,24.056,108.028,28.396,12.766,42.001,17.42,16.783
2025-04-16,10.494,10.405,36.703,23.072,33.95,23.169,112.209,27.29,12.398,42.22,17.469,16.473
2025-04-17,10.494,10.405,36.524,23.072,35.5,23.859,117.175,28.304,12.766,42.512,17.566,16.473
2025-04-18,10.494,10.502,37.645,23.628,33.05,24.155,113.081,28.58,12.766,43.314,17.759,16.871
2025-04-21,10.538,10.454,35.852,23.258,30.75,23.366,116.653,27.566,12.439,43.241,17.42,16.561
2025-04-22,10.361,10.163,33.477,21.642,29.5,21.986,117.611,25.814,11.583,44.043,17.033,16.605
2025-04-23,10.715,10.357,34.911,22.092,29.3,22.824,125.8,26.921,11.827,43.679,16.791,16.694
2025-04-24,10.583,10.405,35.538,22.728,31.35,23.218,125.016,27.981,12.154,43.46,16.743,16.561
2025-04-25,10.538,10.551,35.538,22.807,33.5,23.464,124.319,27.658,11.991,44.116,16.84,16.827
2025-04-28,10.45,10.309,35.225,22.94,34.0,23.169,123.187,27.29,11.991,44.189,17.082,16.65
2025-04-29,10.45,10.454,35.225,22.993,34.0,23.366,125.974,27.382,11.991,46.814,17.033,16.65
2025-05-05,10.715,10.502,36.345,23.787,35.0,24.5,126.323,28.765,12.317,48.127,17.711,16.65
2025-05-06,10.715,10.502,36.166,23.734,35.25,23.957,125.452,28.258,12.48,46.304,17.566,16.738
2025-05-07,10.76,10.551,36.972,23.814,36.7,24.5,125.19,28.626,12.766,48.491,18.195,16.65
2025-05-08,10.76,10.744,39.437,24.847,39.25,26.176,125.452,29.963,12.643,49.148,18.098,16.65
2025-05-09,10.627,10.696,39.572,24.529,38.25,26.274,127.978,29.41,12.562,48.71,18.098,16.827
2025-05-12,10.671,10.647,40.333,25.271,39.7,27.556,127.891,30.885,12.643,49.585,18.049,16.827
2025-05-13,10.76,10.744,41.588,25.536,39.8,28.246,131.637,31.116,12.847,49.731,18.001,16.827
2025-05-14,10.76,10.841,41.05,25.138,39.9,27.605,131.55,31.07,13.051,48.564,18.001,16.915
2025-05-15,10.981,11.035,41.23,24.9,39.9,27.704,129.808,31.116,13.051,47.47,17.808,16.827
2025-05-16,10.804,10.841,41.319,24.529,40.0,27.309,127.891,30.977,12.847,48.2,18.195,16.96
2025-05-19,10.76,10.696,40.737,24.476,42.8,26.816,128.304,30.378,13.051,48.054,18.001,16.915
2025-05-20,10.715,10.551,40.109,24.608,45.75,27.309,131.034,30.793,12.929,51.408,18.098,16.915
2025-05-21,11.025,10.744,39.706,24.185,46.75,26.915,129.396,30.24,12.888,54.981,17.904,16.827
2025-05-22,10.848,10.647,39.84,24.132,46.25,26.471,125.574,30.562,12.969,55.491,17.808,16.96
2025-05-23,10.76,10.696,38.586,23.999,46.5,26.619,129.942,30.424,12.725,57.606,17.566,16.915
2025-05-26,10.804,10.744,40.333,25.668,47.25,28.443,129.851,32.545,13.173,57.533,17.759,16.871
2025-05-27,11.158,11.035,40.558,26.118,47.25,28.985,129.76,32.637,14.071,61.544,17.759,16.915
2025-05-28,10.981,11.035,40.333,26.171,48.5,29.232,127.758,32.222,13.875,58.7,17.856,16.915
2025-05-29,10.892,10.938,40.558,27.761,48.5,28.985,125.847,32.499,14.18,58.627,17.904,16.915
2025-05-30,10.76,10.938,39.348,27.178,49.2,28.295,124.664,32.268,13.92,56.877,18.049,16.827
2025-06-02,10.981,11.035,39.437,27.019,49.0,28.887,123.39,32.176,14.872,55.419,18.485,16.783
2025-06-03,11.025,11.035,40.333,26.913,49.05,29.084,127.03,32.729,15.131,56.877,18.34,16.871
2025-06-04,11.114,10.986,40.737,27.178,49.05,28.739,125.574,32.452,15.477,55.491,18.195,16.915
2025-06-05,11.247,11.083,42.529,26.807,49.0,28.788,123.481,32.452,15.39,53.668,17.953,17.004
2025-06-06,10.937,10.889,40.961,26.86,48.5,27.95,124.755,31.577,15.563,55.419,17.808,17.004
2025-06-09,10.76,10.793,39.437,26.966,45.15,27.309,121.115,30.332,15.65,51.554,17.566,16.96
2025-06-10,10.76,10.841,39.213,27.125,45.3,27.753,121.934,30.101,15.39,51.408,17.517,16.915
2025-06-11,10.76,11.567,39.213,27.178,45.1,27.359,121.934,30.194,15.217,50.168,17.42,16.561
2025-06-12,10.892,11.567,40.154,27.92,43.4,28.147,124.209,30.839,15.39,50.679,17.517,16.915
2025-06-13,10.671,11.228,38.899,27.019,42.75,26.816,124.209,29.963,14.482,50.97,17.324,16.827
2025-06-16,10.804,11.277,39.123,27.39,42.7,27.605,124.3,30.424,14.872,51.7,17.469,16.871
2025-06-17,10.892,11.277,39.303,27.92,43.85,28.493,126.939,30.655,14.915,50.679,17.566,16.827
2025-06-18,10.892,11.277,39.168,27.39,44.0,28.591,125.938,30.332,14.958,51.043,17.711,16.738
2025-06-19,10.804,11.325,39.348,29.297,44.7,29.478,127.394,30.839,15.001,50.023,17.711,16.65
2025-06-20,10.804,11.18,38.899,29.509,43.4,28.788,126.848,30.609,15.001,51.043,17.711,16.65
2025-06-23,10.937,11.664,39.796,31.31,46.4,29.38,123.572,32.406,14.828,50.752,18.243,16.65
2025-06-24,10.981,11.664,40.244,31.999,47.9,29.232,126.484,32.591,14.958,49.658,18.824,16.65
2025-06-25,11.025,11.761,40.333,32.529,47.9,30.366,126.393,33.467,14.915,48.491,18.775,16.738
2025-06-26,10.981,11.712,40.423,32.052,47.5,30.07,126.393,34.896,14.958,48.929,18.582,16.827
2025-06-27,10.937,11.615,40.602,32.317,47.75,29.922,126.484,34.573,15.217,48.2,18.679,16.65
2025-06-30,10.937,11.615,40.289,32.317,47.8,29.873,127.667,35.357,15.304,49.22,18.63,16.738
2025-07-01,11.025,11.809,40.423,32.317,47.8,30.711,127.758,35.357,14.785,48.418,18.485,16.96
2025-07-02,10.981,12.245,41.678,33.694,47.7,30.809,128.213,35.956,15.044,48.929,18.388,16.871
2025-07-03,10.981,11.954,39.975,31.787,47.25,29.183,126.848,34.112,15.261,50.825,18.388,16.827
2025-07-04,11.07,12.245,39.706,31.575,45.95,28.887,126.484,34.389,15.779,50.314,18.872,16.783
2025-07-07,11.247,12.583,39.885,31.999,46.5,29.331,127.667,34.296,16.082,49.658,18.824,16.783
2025-07-08,11.247,12.487,40.289,33.111,46.65,29.577,131.853,34.665,15.996,50.898,19.066,16.783
2025-07-09,11.291,12.39,39.975,32.582,47.5,29.429,130.943,34.25,16.125,50.387,19.114,16.783
2025-07-10,11.335,12.68,41.05,32.582,50.8,29.676,129.487,33.881,15.909,51.189,19.066,16.827
2025-07-11,11.202,12.729,40.826,32.211,54.0,29.577,131.307,33.743,15.607,50.533,18.775,16.871
2025-07-14,11.512,12.825,41.812,32.529,56.5,30.218,131.034,34.711,16.212,50.46,18.969,16.915
2025-07-15,11.424,12.68,41.185,31.84,55.8,29.676,129.123,34.296,15.909,49.512,18.679,16.915
2025-07-16,11.867,12.729,41.454,31.893,58.7,29.429,127.94,33.881,16.428,49.512,19.308,16.827
2025-07-17,12.088,12.632,42.395,31.787,61.0,29.626,127.667,34.435,17.552,49.877,19.162,17.048
2025-07-18,11.995,12.583,42.305,32.953,59.5,29.971,129.76,35.08,17.768,51.043,19.453,17.004
2025-07-21,11.948,13.309,41.364,33.006,56.0,30.169,132.763,34.573,17.379,50.679,19.937,17.004
2025-07-22,12.088,13.696,42.978,32.582,58.75,30.021,130.852,34.435,17.725,53.158,19.792,16.96
2025-07-23,12.227,13.406,43.291,34.383,57.5,30.612,131.125,34.803,17.552,52.283,19.937,16.96
2025-07-24,12.041,13.551,43.919,34.383,58.0,31.204,132.854,35.449,17.898,52.721,19.937,16.827
2025-07-25,12.227,14.277,46.966,32.582,57.05,30.76,132.217,35.126,18.849,54.179,19.84,16.915
2025-07-28,12.506,14.326,50.193,32.635,57.8,30.957,130.488,36.14,20.146,55.419,20.033,16.915
2025-07-29,11.669,13.696,51.089,32.582,56.6,29.084,130.397,33.651,18.762,51.773,19.356,16.694
2025-07-30,11.576,13.842,54.495,32.847,54.75,29.084,129.76,33.328,19.065,53.596,19.356,16.694
2025-07-31,11.902,13.745,53.24,33.906,52.75,29.676,128.031,34.665,18.806,54.689,19.55,17.093
2025-08-01,11.902,13.454,50.462,33.164,52.0,29.281,128.031,33.743,18.027,58.481,19.84,18.288
2025-08-04,12.088,13.745,51.627,32.582,55.6,29.478,128.395,33.651,18.589,58.481,21.195,19.218
2025-08-05,12.227,13.454,49.028,32.105,58.75,29.528,128.031,33.467,18.373,55.564,20.904,17.934
2025-08-06,12.274,14.229,50.013,32.582,59.25,29.823,128.395,33.881,18.633,55.419,20.759,17.89
2025-08-07,12.878,15.197,50.282,32.847,57.5,30.661,129.123,34.573,19.065,56.387,21.195,17.801
2025-08-08,12.739,16.213,51.985,32.953,58.5,30.169,129.032,34.158,19.713,55.907,20.953,17.845
2025-08-11,13.622,15.874,55.571,33.164,57.75,32.14,128.031,35.172,20.189,56.579,21.34,17.89
2025-08-12,13.994,16.6,59.425,33.27,57.75,31.992,127.849,35.126,20.016,60.518,21.727,18.288
2025-08-13,13.947,16.455,59.156,33.8,58.0,32.19,126.848,36.647,20.924,60.71,21.437,18.377
2025-08-14,13.761,16.165,57.363,32.847,59.1,31.647,125.21,35.956,21.054,60.326,21.098,18.377
2025-08-15,13.715,15.778,58.528,32.37,59.1,30.957,123.299,34.849,20.146,59.461,21.001,18.022
2025-08-18,14.645,16.6,58.887,32.847,59.1,31.302,123.663,35.034,20.319,61.863,21.485,18.731
2025-08-19,14.784,16.6,60.769,32.211,59.1,31.204,123.754,35.403,21.702,60.806,21.679,18.642
2025-08-20,14.319,16.165,60.679,31.416,62.1,31.746,120.66,34.527,21.616,57.924,20.904,18.465
2025-08-21,13.947,15.971,58.259,30.939,62.5,31.253,119.204,33.974,21.054,57.156,20.711,18.421
2025-08-22,14.04,15.487,54.226,29.403,62.05,29.084,122.389,32.084,19.627,54.082,20.663,18.2
2025-08-25,13.25,15.681,53.151,29.615,65.5,28.0,125.574,31.438,18.417,51.392,20.759,18.2
2025-08-26,13.947,16.407,55.122,30.065,67.75,28.788,126.029,32.36,19.67,54.754,21.001,18.288
2025-08-27,13.715,16.552,55.302,30.391,66.0,28.739,128.304,32.683,19.973,55.619,21.582,18.332
2025-08-28,13.808,16.842,56.198,30.391,65.05,28.788,130.306,32.683,20.016,55.042,21.485,18.332
2025-08-29,13.761,17.326,54.674,30.12,64.15,28.64,131.034,32.452,20.146,53.986,21.582,18.377
2025-09-03,14.18,17.084,55.391,30.337,62.5,28.887,138.313,32.867,21.529,55.235,21.969,18.288
2025-09-04,14.505,16.891,56.019,30.663,62.5,29.084,138.313,33.059,21.962,55.907,21.921,18.288
2025-09-05,14.273,16.552,55.571,30.717,62.5,29.38,136.402,33.296,21.962,56.387,21.437,18.155
2025-09-08,13.715,16.649,51.716,30.174,62.5,28.394,138.859,32.822,20.751,55.523,20.614,18.155
2025-09-09,13.715,16.649,51.896,30.066,64.6,28.197,136.857,32.49,20.967,54.946,20.711,18.067
2025-09-10,13.575,17.81,50.282,30.011,65.45,27.901,135.128,32.347,20.362,55.523,21.001,18.111
2025-09-11,13.529,17.617,50.999,30.934,68.0,28.345,137.858,32.063,20.751,54.562,20.904,18.111
2025-09-12,14.087,17.763,52.075,31.694,68.9,28.936,137.221,32.869,21.227,54.562,21.195,17.89
2025-09-15,14.598,18.541,53.419,31.965,68.9,29.429,137.858,33.58,21.745,56.291,21.388,18.288
2025-09-16,14.18,18.103,52.433,31.748,67.5,29.035,138.04,33.248,21.097,55.235,21.921,18.288
2025-09-17,13.761,17.568,51.179,31.151,71.55,28.493,136.948,32.727,20.448,55.427,21.485,18.244
2025-09-18,14.087,17.519,51.985,30.88,72.5,28.394,135.219,32.3,20.881,54.562,22.017,18.155
2025-09-19,14.04,17.373,52.433,30.608,76.6,28.197,135.765,32.252,21.183,53.794,22.937,18.244
2025-09-22,13.901,16.643,52.433,30.717,74.4,27.901,137.949,32.632,21.443,51.392,22.017,18.155
2025-09-23,13.947,17.13,52.344,30.88,74.6,27.704,138.313,32.442,20.924,51.584,22.066,18.332
2025-09-24,14.319,17.276,53.419,30.717,74.5,28.197,132.217,32.964,22.048,52.353,22.55,18.332
2025-09-25,15.296,17.373,54.226,30.717,79.0,28.394,134.673,33.201,21.875,53.121,23.614,18.952
2025-09-26,15.435,17.179,53.778,30.608,82.0,28.098,130.579,33.201,21.745,52.833,22.888,19.218
2025-09-29,15.575,16.741,52.792,30.066,86.4,27.852,129.578,32.632,21.097,52.353,23.034,18.952
2025-09-30,15.156,16.449,51.179,30.011,87.45,27.309,130.488,32.11,20.146,51.68,22.647,18.598
2025-10-01,15.017,16.351,51.089,30.663,85.0,27.457,131.216,32.727,20.103,51.488,22.55,18.288
2025-10-02,14.366,16.546,50.013,30.391,85.5,26.915,128.395,32.252,19.411,51.488,22.84,18.554
2025-10-03,13.994,16.984,47.593,29.794,88.25,26.324,128.304,31.304,18.589,51.872,22.453,18.598
2025-10-06,14.505,17.471,49.296,30.554,89.85,27.162,128.759,31.968,19.886,54.562,22.695,18.421
2025-10-07,14.366,17.179,48.49,30.011,90.0,26.964,128.85,31.494,19.065,53.121,22.501,18.067
2025-10-08,14.412,16.984,47.414,30.011,89.05,27.063,129.669,31.683,18.633,52.737,22.308,18.155
2025-10-09,14.505,17.422,48.042,30.011,89.75,27.605,130.306,31.731,19.623,52.737,22.55,18.155
2025-10-10,14.691,17.665,48.311,29.577,96.0,27.654,130.579,31.968,20.189,52.545,22.792,18.155
2025-10-13,14.645,17.422,48.311,29.849,102.7,28.098,130.579,32.252,21.227,52.545,22.356,18.111
2025-10-14,14.319,17.033,48.042,29.469,105.95,27.457,128.759,31.399,21.321,52.929,21.679,17.978
2025-10-15,14.273,16.692,46.608,28.926,104.75,27.063,128.668,30.735,21.698,53.698,21.921,18.067
2025-10-16,14.738,17.276,47.235,28.926,106.55,26.816,136.948,30.83,23.208,53.601,22.017,17.89
2025-10-17,14.598,17.179,44.815,28.383,102.0,26.718,146.503,30.83,23.208,53.409,21.727,17.978
2025-10-20,13.622,17.519,41.678,26.402,97.45,24.894,143.773,28.695,21.604,51.296,21.05,17.004
2025-10-21,13.761,18.298,40.423,27.244,101.7,25.042,153.783,28.268,20.66,52.353,21.35,17.624
2025-10-22,13.761,19.563,41.633,27.461,101.5,26.126,158.332,27.794,21.227,52.833,22.75,17.712
2025-10-23,13.622,18.201,41.185,27.678,107.5,25.732,150.143,28.268,20.613,56.387,22.75,17.668
2025-10-24,13.436,16.935,41.678,28.22,109.5,26.176,158.332,28.079,20.66,56.099,23.05,17.668
2025-10-27,13.436,17.179,41.902,28.763,107.0,27.014,151.963,28.458,19.245,53.794,22.8,17.668
2025-10-28,13.575,16.643,42.395,29.306,110.05,27.162,154.51,28.695,19.764,57.54,23.3,17.668
2025-10-29,13.854,16.741,43.112,30.337,106.0,27.704,154.692,29.407,19.953,59.557,24.9,18.067
2025-10-30,13.901,16.303,42.44,30.663,102.05,27.95,153.783,29.407,20.047,60.23,25.2,18.067
2025-10-31,13.761,16.4,42.305,30.337,95.5,28.64,154.692,29.596,19.434,58.981,24.05,17.89
2025-11-03,13.111,15.67,41.902,30.12,97.7,27.95,158.15,29.312,18.208,60.134,23.5,17.757
2025-11-04,13.39,15.865,42.978,30.011,100.5,28.345,155.602,29.264,19.481,59.557,24.15,17.757
2025-11-05,13.111,15.767,42.036,29.794,103.25,28.64,155.602,29.264,19.01,58.501,24.1,17.668
2025-11-06,13.25,15.524,43.022,30.283,103.9,28.295,162.882,29.691,19.151,60.134,23.75,17.668
2025-11-07,12.925,15.475,41.768,29.36,99.85,27.408,154.238,28.743,18.585,58.404,23.05,17.58
2025-11-10,12.274,15.475,41.768,29.414,99.5,27.556,151.508,28.505,18.538,59.269,22.9,17.58
2025-11-11,12.413,15.427,40.873,29.306,100.5,27.507,152.509,28.648,19.01,58.885,22.9,17.27
2025-11-12,12.692,15.719,42.049,30.066,105.6,28.049,157.695,29.027,19.434,60.326,23.6,17.314
2025-11-13,12.599,15.913,43.837,30.663,105.6,28.5,157.24,30.355,18.868,63.4,23.7,17.358
2025-11-14,12.646,15.767,43.79,30.988,105.5,28.4,155.502,30.355,19.293,62.439,24.25,17.358
2025-11-17,13.39,15.816,44.213,31.097,108.5,29.1,157.587,30.972,20.142,63.4,24.15,17.712
2025-11-18,13.297,15.767,44.025,30.663,110.0,28.25,155.222,30.782,19.811,64.841,24.1,17.624
2025-11-19,13.25,15.719,43.131,30.608,110.25,28.0,154.276,30.45,19.906,63.688,24.2,17.535
2025-11-20,13.204,15.573,42.708,30.663,114.0,28.0,148.506,30.782,19.906,63.4,24.0,17.314
2025-11-21,13.111,15.427,42.379,30.445,114.85,27.8,148.128,30.26,19.811,62.055,23.9,17.491
2025-11-24,13.064,15.281,42.52,30.228,119.75,27.7,148.033,30.023,19.528,59.269,23.95,17.58
2025-11-25,12.832,14.697,40.92,29.957,121.5,27.1,148.979,29.407,18.915,57.924,23.4,17.491
2025-11-26,13.157,14.794,43.037,30.174,122.5,27.5,149.452,29.786,19.576,59.365,23.6,17.402
2025-11-27,13.018,14.891,42.143,30.717,124.0,27.9,147.75,29.739,19.104,57.924,23.3,17.27
2025-11-28,13.25,15.329,41.391,30.174,130.2,27.3,149.358,29.312,19.481,58.501,23.3,17.27
2025-12-01,13.25,15.183,41.203,29.957,134.95,26.7,149.452,29.169,19.057,58.404,23.6,17.27
2025-12-02,13.25,15.329,40.732,30.934,137.5,27.75,150.209,29.169,18.868,58.597,23.65,17.447
2025-12-03,13.39,15.183,41.532,31.477,134.7,27.7,150.398,29.644,19.057,58.885,24.0,17.093
2025-12-04,13.483,15.281,41.673,31.585,133.5,27.85,155.601,29.786,19.623,59.077,24.05,17.137
2025-12-05,13.436,14.891,41.485,31.477,142.8,27.4,151.439,29.359,19.387,57.54,23.85,17.402
2025-12-08,13.622,15.037,40.685,31.042,152.7,26.95,147.466,28.79,18.868,56.868,23.85,17.447
2025-12-09,13.761,14.794,40.215,30.934,160.0,26.9,148.601,28.743,18.679,57.252,23.6,17.402
2025-12-10,13.39,14.745,40.027,30.988,148.8,26.75,150.02,28.743,18.302,56.964,23.6,17.048
2025-12-11,13.39,14.551,39.698,30.5,146.0,26.65,160.519,28.648,18.302,56.291,23.6,17.27
2025-12-12,12.739,14.113,38.192,29.577,144.0,25.3,166.478,27.509,17.028,53.794,22.55,17.225
2025-12-15,12.553,14.454,37.722,30.391,142.9,25.6,165.816,27.699,16.462,54.178,22.65,17.181
2025-12-16,12.971,15.183,39.133,30.934,142.9,26.5,167.992,28.411,16.934,55.715,22.95,17.358
2025-12-17,12.971,14.989,38.898,31.26,142.9,26.3,178.586,28.031,16.887,55.907,23.2,17.58
2025-12-18,13.111,14.891,38.71,30.934,142.7,26.55,174.613,28.031,16.887,55.715,24.0,17.314
2025-12-19,12.878,14.989,38.098,31.368,148.5,26.45,164.587,28.031,16.934,55.235,24.2,17.225
2025-12-22,13.018,15.281,39.086,31.477,158.8,26.6,166.668,28.363,17.406,57.444,24.25,17.137
2025-12-23,12.739,15.135,38.992,30.771,169.9,26.25,173.1,28.363,17.028,58.116,24.2,17.225
2025-12-24,12.571,15.086,38.757,30.554,169.8,26.0,166.573,28.221,17.17,58.597,24.2,17.27
2025-12-25,12.619,15.086,38.71,30.391,158.0,25.65,165.533,27.889,16.793,57.636,24.15,17.27
2025-12-26,12.429,15.037,38.428,30.337,155.0,25.5,167.046,27.415,16.51,57.156,24.15,17.093
2025-12-29,12.476,14.891,38.851,30.5,159.7,26.0,167.424,27.225,16.415,57.828,24.45,17.137
2025-12-30,12.476,15.183,38.851,32.019,163.0,26.6,165.816,27.462,16.085,56.771,24.4,17.225
2025-12-31,12.524,16.059,39.368,31.748,169.6,26.2,165.533,27.652,15.802,56.387,24.35,17.225
2026-01-05,11.905,15.086,39.039,30.825,173.1,25.75,165.06,27.604,16.321,55.523,24.35,17.225
2026-01-06,11.905,15.183,39.509,31.639,173.1,27.55,164.114,28.079,16.038,55.523,24.8,17.447
2026-01-07,12.143,15.281,41.391,32.562,179.0,29.45,167.613,28.695,16.179,56.771,25.0,18.598
2026-01-08,12.048,15.378,40.92,31.694,176.6,30.05,164.965,28.316,16.038,55.331,24.95,18.997
2026-01-09,11.81,16.059,42.143,33.864,176.0,31.6,165.627,28.743,15.094,54.754,24.4,19.572
2026-01-12,12.286,16.059,42.896,34.082,163.7,32.2,165.249,29.264,15.66,54.754,24.4,18.687
2026-01-13,12.238,15.865,43.743,34.461,167.9,34.0,166.289,29.976,15.802,56.003,25.9,18.864
2026-01-14,12.286,15.67,45.718,34.461,160.2,36.35,165.533,30.023,15.755,55.235,25.6,19.129
2026-01-15,12.238,16.254,46.0,36.849,153.0,37.35,164.587,29.833,15.566,55.331,25.95,20.458
2026-01-16,12.191,16.4,45.154,35.818,159.9,35.9,164.114,29.596,15.236,55.331,25.95,21.432
2026-01-19,12.334,16.595,46.988,36.958,162.0,38.0,160.614,31.351,15.33,55.235,25.8,20.635
2026-01-20,12.286,16.351,45.859,35.818,161.0,39.0,154.276,30.877,15.142,59.077,25.9,20.635
2026-01-21,12.048,15.865,44.401,33.973,160.5,38.5,151.439,29.596,14.67,57.444,26.1,20.192
2026-01-22,12.286,15.865,44.871,34.733,161.1,39.0,151.06,30.26,15.66,56.675,26.35,19.882
2026-01-23,12.095,16.011,45.436,33.756,165.4,36.9,149.452,29.644,15.189,55.427,26.05,20.192
2026-01-26,11.715,15.086,43.366,33.919,159.9,38.65,146.709,28.79,14.67,54.082,26.0,19.971
2026-01-27,11.524,14.6,42.332,34.733,151.0,39.85,154.087,29.407,14.717,54.562,26.65,19.882
2026-01-28,11.619,14.454,43.366,34.027,140.5,38.2,151.817,29.312,15.047,53.698,26.35,19.882
2026-01-29,11.619,14.454,44.119,33.647,140.5,40.85,151.155,29.691,15.094,53.986,26.25,19.882
2026-01-30,11.619,14.454,47.129,34.896,140.5,39.85,154.182,30.545,15.283,54.274,26.3,20.812
2026-02-02,11.762,14.405,49.387,34.461,130.7,41.8,152.29,31.114,15.283,56.099,26.75,22.229
2026-02-03,11.715,14.697,52.773,36.849,130.7,42.8,150.398,33.248,15.377,57.06,26.6,22.362
2026-02-04,11.905,15.281,54.467,36.361,121.6,41.7,148.979,34.956,15.377,56.964,27.05,22.451
2026-02-05,11.81,15.135,53.526,34.244,130.1,40.0,148.128,35.003,15.0,55.427,26.75,21.742
2026-02-06,11.476,14.891,49.857,31.911,131.0,39.0,147.087,33.248,14.434,55.331,26.75,21.476
2026-02-09,11.572,14.697,47.035,31.748,132.3,38.65,146.804,32.442,14.623,54.37,26.95,21.786
2026-02-10,11.429,14.6,45.342,31.368,141.5,35.95,146.804,31.683,14.481,54.178,26.8,21.653
2026-02-11,11.667,14.989,45.342,31.477,150.8,35.3,148.506,32.205,15.236,55.523,26.9,21.786
2026-02-12,11.619,14.891,45.483,32.019,159.0,35.35,150.682,32.11,14.906,55.715,27.05,21.742
2026-02-13,11.572,14.989,47.317,32.779,160.0,36.4,150.398,32.11,14.953,56.195,27.25,21.476
2026-02-23,11.953,15.67,48.728,33.376,162.3,38.9,153.047,32.869,15.094,57.636,27.55,22.052
2026-02-24,11.905,16.059,47.882,34.299,162.9,39.45,153.709,32.537,14.717,60.134,28.2,21.875
2026-02-25,12.0,16.157,49.199,34.57,158.0,42.2,153.236,33.818,14.481,60.038,27.8,22.893
2026-02-26,11.905,16.059,48.634,34.57,168.9,40.8,152.29,32.916,14.481,58.981,27.6,23.159
2026-02-27,11.905,16.595,48.164,34.244,172.0,40.0,149.925,32.727,14.104,60.326,27.75,23.292
2026-03-02,11.476,17.519,48.916,36.578,167.2,42.8,150.114,32.727,13.208,64.456,28.9,24.355
2026-03-03,11.476,17.033,46.894,37.446,155.5,45.75,148.601,31.588,13.255,68.203,28.8,24.178
2026-03-04,11.334,17.033,44.26,35.764,155.6,43.6,143.209,30.497,13.255,64.36,28.0,23.912
2026-03-05,11.429,17.033,44.495,33.647,164.8,40.55,143.777,29.881,12.972,61.094,28.2,23.735
2026-03-06,11.238,16.643,43.272,33.213,156.5,37.75,142.831,28.837,12.783,60.518,27.65,23.115
2026-03-09,10.476,15.524,40.262,30.934,145.6,35.15,132.899,26.845,11.934,56.291,25.75,21.521
2026-03-10,10.476,15.183,40.732,31.585,141.8,33.35,135.453,27.035,11.887,54.082,25.5,22.273
2026-03-11,10.81,16.059,43.178,32.725,146.0,35.65,137.156,28.648,12.594,57.828,26.35,22.273
2026-03-12,11.143,16.011,43.084,33.376,145.0,35.8,135.737,28.268,12.689,56.003,26.5,22.141
2026-03-13,11.905,16.449,42.99,33.322,144.6,34.0,131.007,27.984,12.783,54.466,26.65,22.141
2026-03-16,11.762,16.011,43.178,33.756,144.7,33.05,130.913,28.411,12.925,53.794,25.95,21.698
2026-03-17,11.619,15.767,43.884,33.105,146.2,33.3,132.71,28.079,12.689,54.178,25.55,21.565
2026-03-18,11.619,15.767,43.79,33.647,146.0,34.0,129.305,27.841,12.689,55.235,26.0,21.609
2026-03-19,11.619,15.475,43.178,33.105,145.0,32.45,121.075,27.509,12.83,53.794,25.9,21.521
2026-03-20,11.429,15.135,41.391,31.748,135.0,30.75,122.494,27.557,12.594,51.296,25.95,22.052
2026-03-23,10.715,14.113,39.556,30.825,125.6,28.6,114.643,25.66,12.076,47.742,24.65,21.255
2026-03-24,11.095,14.064,40.497,31.368,124.0,28.7,118.048,26.324,12.736,49.951,25.9,20.901
2026-03-25,11.524,14.502,42.802,32.291,128.7,30.5,121.264,27.035,13.019,51.584,27.7,21.831
2026-03-26,11.476,14.308,42.049,32.833,130.0,30.0,118.332,26.845,12.783,52.353,27.75,21.786
2026-03-27,11.619,14.648,42.896,33.539,132.6,32.1,121.264,27.984,13.632,53.698,27.9,21.521
2026-03-30,11.524,14.697,42.143,33.919,129.5,33.1,120.035,27.747,13.396,53.794,27.9,21.255
2026-03-31,11.715,14.843,44.119,33.593,135.0,31.7,122.116,27.652,13.443,54.466,27.6,21.122
2026-04-01,11.715,14.989,43.931,33.756,141.0,32.5,124.386,27.652,13.491,54.37,27.7,21.122
2026-04-02,11.524,14.745,42.755,34.19,139.9,32.1,122.494,27.177,13.443,52.449,27.0,21.078
2026-04-03,11.286,14.551,42.19,34.082,141.0,32.05,119.278,26.703,13.349,52.449,26.0,20.812
2026-04-06,11.191,14.21,41.297,32.888,141.6,31.45,118.238,25.992,12.83,53.601,25.2,20.856
2026-04-07,11.238,14.21,41.861,32.833,143.4,31.5,117.765,26.229,12.83,52.353,25.2,20.812
2026-04-08,11.667,14.697,43.178,34.19,153.4,33.2,125.994,27.177,13.632,54.178,26.2,21.344
2026-04-09,12.286,15.135,43.272,34.461,149.2,32.8,123.345,27.272,13.726,53.313,25.7,21.255
2026-04-10,12.143,14.94,43.743,34.027,151.7,33.65,125.805,27.367,13.726,53.409,26.2,21.299
2026-04-13,12.286,14.648,44.401,33.81,160.0,32.6,126.751,27.557,13.821,52.545,26.55,21.344
2026-04-14,12.334,15.183,44.354,33.81,165.5,32.7,135.547,27.415,13.915,52.833,26.35,21.255
2026-04-15,12.286,14.989,43.46,33.539,177.0,33.0,135.075,27.415,13.821,52.257,26.1,21.255
2026-04-16,12.095,14.794,43.46,33.376,189.3,32.2,143.304,27.747,13.726,51.968,26.2,21.211
2026-04-17,12.095,14.697,43.272,33.593,187.9,33.5,140.088,27.604,13.538,52.257,26.0,21.034
2026-04-20,12.143,14.697,43.507,33.647,191.0,33.0,145.479,27.509,13.538,51.968,26.3,21.122
2026-04-21,12.0,14.891,41.673,33.647,193.7,32.65,142.831,26.893,13.349,51.296,25.85,20.856
2026-04-22,11.953,14.843,41.72,33.376,207.2,32.75,141.885,26.845,13.349,53.794,25.35,21.344
2026-04-23,12.286,14.697,41.25,32.942,214.5,32.6,140.561,26.561,13.255,54.562,24.6,21.344
2026-04-24,12.095,14.648,41.25,32.942,212.1,33.35,139.047,26.276,13.491,53.89,24.8,21.299
2026-04-28,11.905,14.356,40.45,33.213,225.5,33.0,137.534,25.802,13.302,52.545,24.1,21.255
2026-04-29,11.905,14.405,40.074,33.322,214.0,33.7,137.723,25.802,13.868,52.929,24.2,21.211
2026-05-04,12.095,14.259,40.45,34.733,212.0,36.05,141.885,26.087,13.821,53.313,24.4,21.211
2026-05-05,12.0,14.162,40.403,34.624,219.5,35.2,142.358,25.612,13.491,54.466,24.4,21.166
2026-05-06,12.286,14.356,40.92,34.841,219.5,35.8,142.263,25.849,13.915,54.754,24.6,21.166
2026-05-07,11.953,14.308,41.25,35.113,224.0,35.85,142.453,25.849,13.679,54.37,24.35,21.078
2026-05-08,11.762,14.016,41.673,34.679,226.0,35.7,141.885,25.328,13.632,54.274,23.0,21.166
2026-05-11,11.572,13.967,42.426,34.027,223.0,34.75,149.452,24.379,13.632,54.178,23.1,20.856
2026-05-12,11.715,13.918,41.579,35.167,222.0,36.3,152.763,24.521,13.821,55.427,22.95,20.901
2026-05-13,11.667,13.967,40.873,35.71,221.0,36.8,152.195,24.948,13.821,55.619,22.7,20.724
2026-05-14,11.619,13.821,41.391,36.198,229.8,36.2,148.506,24.711,14.009,55.042,22.65,20.724
2026-05-15,11.476,13.432,41.297,38.695,228.0,37.75,148.695,24.569,14.104,55.235,23.2,20.856
2026-05-18,11.381,13.529,41.203,38.152,225.0,39.3,146.142,24.237,14.009,55.138,23.25,21.255
2026-05-19,11.334,13.578,41.485,35.493,225.1,36.55,141.1,24.189,13.821,53.313,23.15,21.255
2026-05-20,11.238,13.48,41.109,37.935,226.7,37.6,137.0,24.094,13.066,53.505,23.1,21.122
2026-05-21,11.191,13.48,41.015,37.718,218.7,36.2,139.4,23.715,12.83,52.929,23.0,20.591
2026-05-22,11.381,13.432,40.45,36.361,216.5,35.3,138.0,23.43,12.736,52.353,22.75,20.768
2026-05-25,11.286,13.578,40.591,35.981,218.8,34.3,139.4,23.715,12.83,52.257,22.9,20.724
2026-05-26,11.334,13.578,40.732,36.958,213.0,35.15,139.9,23.62,13.019,51.968,22.85,20.635
2026-05-27,11.381,13.529,40.732,36.632,210.8,34.8,139.0,23.43,12.972,52.545,24.0,20.812
2026-05-28,11.238,13.432,40.215,36.469,210.8,34.35,138.3,23.051,12.736,51.872,23.0,20.724
2026-05-29,11.095,13.237,39.792,36.524,211.3,34.9,137.1,21.486,12.311,52.257,23.0,20.369
2026-06-01,11.191,13.432,40.262,36.795,204.9,35.05,137.1,22.292,12.453,51.776,22.95,20.856
2026-06-02,11.048,13.383,39.603,37.175,204.9,34.6,135.5,21.77,12.17,51.296,22.5,20.635
2026-06-03,11.095,13.334,39.745,36.469,197.6,34.65,135.3,21.818,12.359,51.008,22.55,20.369
2026-06-04,11.048,13.14,39.698,35.927,200.2,35.35,135.1,21.723,12.264,52.833,22.7,20.458
2026-06-05,11.0,13.334,39.039,35.004,207.0,34.8,133.6,21.628,12.123,51.968,22.55,20.281
2026-06-08,10.81,13.188,38.663,34.299,195.0,33.5,131.9,21.106,11.84,51.776,22.3,20.015
2026-06-09,10.81,13.432,38.663,34.19,193.2,33.4,132.5,21.391,11.84,51.584,22.25,20.768
2026-06-10,11.0,13.578,38.992,34.679,196.0,33.95,135.2,21.581,12.17,51.2,22.3,20.635
2026-06-11,10.905,13.383,39.603,35.004,196.0,35.4,135.2,22.482,11.981,51.584,22.35,20.591
2026-06-12,10.857,13.237,39.415,34.516,195.5,35.0,135.0,22.387,11.887,51.2,22.4,20.591
2026-06-15,10.953,13.286,40.45,34.841,192.6,35.3,137.9,22.387,12.264,52.353,22.75,20.281
2026-06-16,11.191,13.432,40.826,35.058,194.0,35.3,142.0,22.292,12.453,52.545,22.85,21.166
2026-06-17,11.143,13.48,41.344,35.221,192.0,35.55,147.4,22.529,12.406,53.313,22.95,21.034
2026-06-18,10.953,13.286,41.203,35.33,205.4,35.55,147.0,22.102,12.264,52.161,22.95,21.034
2026-06-19,10.905,13.48,40.732,35.276,205.5,35.1,145.2,21.913,12.217,51.872,23.0,20.901
2026-06-22,10.857,13.383,40.591,34.841,219.8,34.5,151.5,21.818,12.076,51.392,23.15,20.812
2026-06-23,10.762,13.334,40.403,34.733,229.0,33.55,146.4,21.391,11.793,50.912,22.8,20.724
2026-06-24,10.667,13.334,39.886,34.516,230.5,33.65,148.1,21.344,11.793,50.816,22.4,20.635
2026-06-25,10.572,13.383,39.509,33.647,225.0,33.1,151.0,21.201,11.745,50.432,22.85,20.591
2026-06-26,10.619,13.286,39.886,32.996,228.0,32.1,153.0,21.154,11.651,50.816,22.95,20.369
2026-06-29,11.048,13.188,40.403,33.647,217.2,32.6,154.0,21.296,11.887,49.951,23.05,20.679
2026-06-30,10.857,12.994,42.332,34.19,220.0,32.8,152.9,21.296,11.745,50.143,22.85,20.369
2026-07-01,10.905,13.237,41.297,34.461,217.1,33.15,152.9,21.581,11.84,49.471,23.0,19.971
2026-07-02,10.857,13.091,40.92,35.33,220.3,33.0,154.5,21.391,11.745,49.471,22.85,20.192
2026-07-03,10.762,12.994,40.873,34.624,220.3,32.5,153.6,21.059,11.557,49.855,22.65,19.927
2026-07-06,10.572,12.848,40.074,34.136,220.3,31.0,149.0,20.015,11.226,49.279,21.95,20.059
2026-07-07,10.667,12.896,40.45,34.679,220.3,31.45,149.6,20.11,11.226,49.759,22.0,19.927
2026-07-08,10.667,12.653,40.45,34.624,220.7,31.5,147.0,20.347,11.557,49.855,22.1,20.281
2026-07-09,10.7,12.945,40.262,34.624,221.0,31.5,145.5,20.3,11.557,48.126,22.1,20.591
2026-07-10,10.7,12.75,39.509,34.299,223.0,30.6,146.1,19.921,11.604,49.471,21.8,20.724
2026-07-13,10.45,12.312,39.321,33.43,221.5,29.5,148.6,19.494,11.934,48.798,21.3,20.724
2026-07-14,10.65,12.361,39.792,34.136,219.0,30.5,150.9,19.589,11.887,48.8,21.6,20.901
2026-07-15,10.5,12.361,39.039,33.593,217.0,30.1,153.5,19.351,11.321,47.6,21.55,20.856
2026-07-16,10.35,12.41,39.321,33.43,223.0,30.25,151.4,19.114,11.745,47.0,21.3,20.812
2026-07-17,10.3,12.166,38.898,33.05,220.0,29.7,151.6,19.162,11.368,46.2,21.55,20.502
2026-07-20,10.05,11.728,36.687,31.748,220.0,27.9,154.9,18.261,10.613,44.9,20.8,20.325
2026-07-21,9.9,11.874,36.687,31.694,217.3,27.35,152.7,18.071,10.236,44.9,21.7,20.458
2026-07-22,9.95,11.874,36.264,31.368,202.1,27.15,151.0,17.786,10.377,44.85,21.2,20.369
2026-07-23,10.05,11.972,36.781,30.934,214.0,27.1,151.3,17.881,10.189,45.0,21.35,20.369
2026-07-24,9.97,11.874,35.276,29.957,213.1,26.2,150.0,17.454,9.717,45.0,21.3,20.74
2026-07-27,9.8,11.339,34.9,30.934,213.5,26.0,148.5,16.268,9.142,44.0,21.1,20.648
2026-07-28,9.83,11.582,35.75,29.849,213.8,26.35,148.1,16.506,9.396,43.9,20.5,20.648
2026-07-29,9.82,11.631,36.5,30.445,219.4,26.75,148.1,16.458,9.528,43.95,20.8,20.601
2026-07-30,10.05,11.972,37.75,31.042,220.0,27.55,148.1,17.027,9.623,45.2,21.05,20.74
2026-07-31,9.96,11.874,37.85,30.825,214.1,27.5,153.3,16.743,9.481,45.25,21.0,21.064
2026-08-03,10.15,12.118,38.3,32.291,213.0,28.2,151.6,17.644,10.0,46.05,21.55,21.296
2026-08-04,10.2,12.848,38.3,32.453,218.0,28.5,149.8,17.691,10.094,46.05,21.45,21.342
2026-08-05,10.1,12.848,38.15,31.585,220.0,28.15,149.2,17.502,10.094,45.2,21.25,21.342
2026-08-06,10.05,12.702,37.6,31.422,218.8,27.85,147.6,17.217,10.094,46.5,21.1,21.296
2026-08-07,10.05,12.604,38.5,31.802,215.0,29.75,148.8,18.403,10.094,46.2,21.35,22.546
2026-08-10,10.25,12.945,41.15,32.453,208.5,31.8,148.8,19.446,10.377,46.4,21.55,22.8
2026-08-11,10.15,12.896,41.0,31.856,208.5,31.4,149.0,19.019,10.377,46.1,21.6,22.7
2026-08-12,10.3,12.945,40.8,31.748,215.5,32.25,148.5,19.114,10.33,46.35,21.75,22.4
2026-08-13,10.15,12.896,40.6,32.019,207.9,32.65,149.4,18.925,10.047,45.8,21.55,22.15
2026-08-14,10.05,12.653,40.3,31.639,200.4,31.2,147.2,18.498,10.189,45.9,21.2,21.85
2026-08-17,10.05,12.458,40.3,33.268,198.0,31.35,145.6,18.64,10.33,45.8,21.3,21.85
2026-08-18,10.0,12.458,40.3,32.888,200.0,32.0,146.1,18.166,10.0,46.7,21.3,21.5
2026-08-19,9.9,12.507,40.8,32.562,200.0,31.7,144.0,18.118,9.811,47.6,21.25,21.35
2026-08-20,9.93,12.458,40.55,32.562,202.0,31.45,143.6,17.976,9.717,47.5,21.25,21.75
2026-08-21,10.15,12.556,41.1,33.213,205.0,32.1,145.5,18.687,10.377,48.4,21.4,21.9
2026-08-24,10.15,12.556,40.9,32.996,214.5,32.2,144.7,18.545,10.613,48.35,21.35,21.9
2026-08-25,10.2,12.507,40.45,33.05,220.5,32.5,144.5,18.687,10.708,47.6,21.2,21.65
2026-08-26,10.25,12.458,41.2,33.376,230.0,33.4,144.2,18.83,10.896,47.8,21.1,21.9
2026-08-27,10.15,12.41,40.7,33.485,236.0,32.95,144.0,18.735,10.802,48.1,21.0,21.15
2026-08-28,10.05,12.264,40.45,33.485,236.0,32.35,144.8,18.687,10.755,48.0,20.95,21.9
2026-09-03,10.0,12.264,39.9,33.268,244.5,31.7,143.9,18.877,10.613,47.5,20.5,21.4
2026-09-04,9.98,12.166,39.9,33.539,256.1,31.5,143.0,18.83,10.472,47.2,20.45,21.45
2026-09-07,9.9,12.069,39.85,33.593,245.0,31.7,142.0,19.067,10.472,46.75,20.45,21.45
2026-09-08,9.92,11.874,40.0,33.647,249.6,31.8,141.1,18.877,10.25,46.05,20.45,21.35
2026-09-09,9.88,11.777,40.5,33.322,247.7,31.85,140.2,18.593,10.25,46.6,20.65,21.35
2026-09-10,9.82,11.728,41.5,32.779,247.7,31.7,142.0,18.45,10.25,47.1,20.8,21.65
2026-09-11,9.54,11.777,41.0,32.8,243.3,30.0,140.3,18.0,10.05,46.0,20.5,21.4
2026-09-14,9.3,11.68,38.3,31.1,241.4,29.95,138.2,17.6,10.0,44.95,20.25,21.3
2026-09-15,9.35,11.68,39.8,31.4,241.3,30.95,147.6,17.55,10.0,46.5,20.5,21.9
2026-09-16,9.34,11.85,39.8,31.7,241.1,31.95,144.0,17.65,9.93,47.05,20.45,20.75
